player,team,position,salary
Juan Soto,New York Mets,OF,61875000
Zack Wheeler,Philadelphia Phillies,P,42000000
Vladimir Guerrero Jr.,Toronto Blue Jays,1B,40214285
Aaron Judge,New York Yankees,OF,40000000
Anthony Rendon,Los Angeles Angels,3B,38571432
Jacob deGrom,Texas Rangers,P,38000000
Mike Trout,Los Angeles Angels,OF,37116666
Cody Bellinger,New York Yankees,OF,36500000
Gerrit Cole,New York Yankees,P,36000000
Alex Bregman,Chicago Cubs,3B,35000000
Jose Altuve,Houston Astros,2B,33000000
Carlos Correa,Houston Astros,3B,32833333
Tyler Glasnow,Los Angeles Dodgers,P,32500000
Francisco Lindor,New York Mets,SS,32477821
Tarik Skubal,Detroit Tigers,P,32000000
Corey Seager,Texas Rangers,SS,31500000
Sonny Gray,Boston Red Sox,P,31000000
Corbin Burnes,Arizona Diamondbacks,P,30833333
Nathan Eovaldi,Texas Rangers,P,29000000
Giancarlo Stanton,New York Yankees,DH,29000000
Shohei Ohtani,Los Angeles Dodgers,DH,28216944
Dansby Swanson,Chicago Cubs,SS,28000000
Blake Snell,Los Angeles Dodgers,P,27869485
Carlos Rodon,New York Yankees,P,27833333
Bryce Harper,Philadelphia Phillies,1B,27538462
Trea Turner,Philadelphia Phillies,SS,27272727
Nolan Arenado,Arizona Diamondbacks,3B,27000000
Kris Bryant,Colorado Rockies,OF,27000000
Rafael Devers,San Francisco Giants,3B,27000000
Yordan Alvarez,Houston Astros,DH,26833333
Marcus Semien,New York Mets,2B,26000000
Xander Bogaerts,San Diego Padres,SS,25454545
Dylan Cease,Toronto Blue Jays,P,25285714
Mookie Betts,Los Angeles Dodgers,SS,25167520
Matt Chapman,San Francisco Giants,3B,25166666
Manny Machado,San Diego Padres,3B,25090909
José Ramírez,Cleveland Guardians,3B,25000000
Robbie Ray,San Francisco Giants,P,25000000
Luis Severino,Athletics,P,25000000
Trevor Story,Boston Red Sox,SS,25000000
Garrett Crochet,Boston Red Sox,P,24800000
Aaron Nola,Philadelphia Phillies,P,24571428
George Springer,Toronto Blue Jays,OF,24166667
Luis Castillo,Seattle Mariners,P,24150000
Christian Yelich,Milwaukee Brewers,OF,24032605
Javier Báez,Detroit Tigers,SS,24000000
Jung Hoo Lee,San Francisco Giants,OF,23250000
Kevin Gausman,Toronto Blue Jays,P,23000000
Logan Webb,San Francisco Giants,P,23000000
Freddie Freeman,Los Angeles Dodgers,1B,22874920
Framber Valdez,Detroit Tigers,P,22826679
Zac Gallen,Arizona Diamondbacks,P,22025000
Trent Grisham,New York Yankees,OF,22025000
Shota Imanaga,Chicago Cubs,P,22025000
Gleyber Torres,Detroit Tigers,2B,22025000
Brandon Woodruff,Milwaukee Brewers,P,22025000
Matt Olson,Atlanta Braves,1B,22000000
Austin Riley,Atlanta Braves,3B,22000000
Pablo López,Minnesota Twins,P,21750000
Seth Lugo,Kansas City Royals,P,21500000
Cristian Javier,Houston Astros,P,21400000
Yusei Kikuchi,Los Angeles Angels,P,21225000
Pete Alonso,Baltimore Orioles,1B,21000000
Eduardo Rodriguez,Arizona Diamondbacks,P,21000000
Fernando Tatis Jr.,San Diego Padres,OF,20714285
Brandon Nimmo,Texas Rangers,OF,20500000
Nick Pivetta,San Diego Padres,P,20500000
Yoshinobu Yamamoto,Los Angeles Dodgers,P,20333333
Julio Rodriguez,Seattle Mariners,OF,20185714
Jack Flaherty,Detroit Tigers,P,20000000
Ha-seong Kim,Atlanta Braves,SS,20000000
Joe Musgrove,San Diego Padres,P,20000000
Luis Robert Jr.,New York Mets,OF,20000000
Spencer Strider,Atlanta Braves,P,20000000
Christian Walker,Houston Astros,1B,20000000
Sean Manaea,New York Mets,P,19680726
José Berríos,Toronto Blue Jays,P,19000000
Josh Hader,Houston Astros,P,19000000
Ian Happ,Chicago Cubs,OF,19000000
Seiya Suzuki,Chicago Cubs,OF,19000000
Masataka Yoshida,Boston Red Sox,OF,18600000
Chris Bassitt,Baltimore Orioles,P,18500000
Joc Pederson,Texas Rangers,DH,18500000
Willson Contreras,Boston Red Sox,1B,18000000
Merrill Kelly,Arizona Diamondbacks,P,18000000
Chris Sale,Atlanta Braves,P,18000000
Kyle Schwarber,Philadelphia Phillies,DH,18000000
Jameson Taillon,Chicago Cubs,P,18000000
Michael Wacha,Kansas City Royals,P,18000000
Lance McCullers,Houston Astros,P,17700000
Sandy Alcantara,Miami Marlins,P,17300000
Andrew Benintendi,Chicago White Sox,OF,17100000
Ronald Acuña Jr.,Atlanta Braves,OF,17000000
Matthew Boyd,Chicago Cubs,P,17000000
Edwin Diaz,Los Angeles Dodgers,P,17000000
Jorge Polanco,New York Mets,1B,17000000
Devin Williams,New York Mets,P,17000000
Mitch Keller,Pittsburgh Pirates,P,16911500
Tatsuya Imai,Houston Astros,P,16666666
Munetaka Murakami,Chicago White Sox,1B,16500000
Tyler O'Neill,Baltimore Orioles,OF,16500000
Jeff McNeil,Athletics,2B,16250000
Shane Bieber,Toronto Blue Jays,P,16000000
Yu Darvish,San Diego Padres,P,16000000
Kyle Freeland,Colorado Rockies,P,16000000
Raisel Iglesias,Atlanta Braves,P,16000000
Ketel Marte,Arizona Diamondbacks,2B,16000000
Ryan McMahon,New York Yankees,3B,16000000
Randy Arozarena,Seattle Mariners,OF,15650000
Andres Gimenez,Toronto Blue Jays,SS,15571428
Wander Franco,Tampa Bay Rays,SS,15454545
Bo Bichette,New York Mets,3B,15333333
Byron Buxton,Minnesota Twins,OF,15142857
Sean Murphy,Atlanta Braves,C,15000000
Jurickson Profar,Atlanta Braves,OF,15000000
J.T. Realmuto,Philadelphia Phillies,C,15000000
Kodai Senga,New York Mets,P,15000000
Eugenio Suarez,Cincinnati Reds,3B,15000000
Teoscar Hernandez,Los Angeles Dodgers,OF,14709589
Max Fried,New York Yankees,P,14500000
Bryan Reynolds,Pittsburgh Pirates,OF,14250000
Bobby Witt Jr.,Kansas City Royals,SS,14111111
Ryan Helsley,Baltimore Orioles,P,14000000
Reynaldo López,Atlanta Braves,P,14000000
Ryan O'Hearn,Pittsburgh Pirates,OF,14000000
Blake Treinen,Los Angeles Dodgers,P,13500000
Willy Adames,San Francisco Giants,SS,13142857
Aroldis Chapman,Boston Red Sox,P,13000000
Pete Fairbanks,Miami Marlins,P,13000000
Lourdes Gurriel Jr.,Arizona Diamondbacks,OF,13000000
Clay Holmes,New York Mets,P,13000000
Jorge Soler,Los Angeles Angels,DH,13000000
Robert Suarez,Atlanta Braves,P,13000000
Justin Verlander,Detroit Tigers,P,13000000
Will Smith,Los Angeles Dodgers,C,12927716
Patrick Sandoval,Boston Red Sox,P,12750000
Brady Singer,Cincinnati Reds,P,12750000
Jeff Hoffman,Toronto Blue Jays,P,12666666
Cal Raleigh,Seattle Mariners,C,12666666
Tanner Scott,Los Angeles Dodgers,P,12588508
Jordan Hicks,Chicago White Sox,P,12500000
Salvador Perez,Kansas City Royals,C,12500000
Jake Cronenworth,San Diego Padres,2B,12285714
Taylor Ward,Baltimore Orioles,OF,12175000
Tommy Edman,Los Angeles Dodgers,OF,12091513
Luis Arraez,San Francisco Giants,2B,12000000
J.P. Crawford,Seattle Mariners,SS,12000000
Yandy Diaz,Tampa Bay Rays,DH,12000000
Nico Hoerner,Chicago Cubs,2B,12000000
Dustin May,St. Louis Cardinals,P,12000000
Antonio Senzatela,Colorado Rockies,P,12000000
Anthony Santander,Toronto Blue Jays,OF,11806220
Brandon Lowe,Pittsburgh Pirates,2B,11500000
Josh Naylor,Seattle Mariners,1B,11300000
Jesús Luzardo,Philadelphia Phillies,P,11000000
A.J. Minter,New York Mets,P,11000000
Robert Stephenson,Los Angeles Angels,P,11000000
Logan Gilbert,Seattle Mariners,P,10927000
Daulton Varsho,Toronto Blue Jays,OF,10750000
Corbin Carroll,Arizona Diamondbacks,OF,10625000
Marcell Ozuna,Pittsburgh Pirates,DH,10500000
Jeffrey Springs,Athletics,P,10500000
Alec Bohm,Philadelphia Phillies,3B,10200000
Jazz Chisholm,New York Yankees,2B,10200000
Carlos Estevez,Kansas City Royals,P,10100000
Adolis García,Philadelphia Phillies,OF,10000000
Tyler Mahle,San Francisco Giants,P,10000000
Max Muncy,Los Angeles Dodgers,1B,10000000
Emilio Pagan,Cincinnati Reds,P,10000000
Luke Weaver,New York Mets,P,9500000
Jeremy Pena,Houston Astros,SS,9475000
William Contreras,Milwaukee Brewers,C,9400000
Isaac Paredes,Houston Astros,3B,9350000
Jose Alvarado,Philadelphia Phillies,P,9000000
David Bednar,New York Yankees,P,9000000
Kenley Jansen,Detroit Tigers,P,9000000
Joe Jimenez,Atlanta Braves,P,9000000
Brad Keller,Philadelphia Phillies,P,9000000
Michael King,San Diego Padres,P,9000000
Andrew Kittredge,Baltimore Orioles,P,9000000
Nick Martinez,Tampa Bay Rays,P,9000000
Mike Yastrzemski,Atlanta Braves,OF,9000000
Kyle Finnegan,Detroit Tigers,P,8750000
Alejandro Kirk,Toronto Blue Jays,C,8700000
Tyler Rogers,Toronto Blue Jays,P,8666666
Gunnar Henderson,Baltimore Orioles,SS,8500000
Hunter Greene,Cincinnati Reds,P,8333333
Kazuma Okamoto,Toronto Blue Jays,3B,8250000
David Peterson,New York Mets,P,8100000
Zach Eflin,Baltimore Orioles,P,8000000
Michael Harris II,Atlanta Braves,OF,8000000
Jonathan India,Kansas City Royals,2B,8000000
Freddy Peralta,New York Mets,P,8000000
Brent Rooker,Athletics,DH,8000000
Michael Lorenzen,Colorado Rockies,P,7750000
Gregory Soto,Pittsburgh Pirates,P,7750000
Steven Kwan,Cleveland Guardians,OF,7725000
Jarren Duran,Boston Red Sox,OF,7700000
Andrew Vaughn,Milwaukee Brewers,1B,7650000
Ranger Suarez,Boston Red Sox,P,7600000
Harrison Bader,San Francisco Giants,OF,7500000
Seranthony Dominguez,Chicago White Sox,P,7500000
Jhoan Duran,Philadelphia Phillies,P,7500000
Yimi Garcia,Toronto Blue Jays,P,7500000
Steven Matz,Tampa Bay Rays,P,7500000
Andres Munoz,Seattle Mariners,P,7500000
Matt Strahm,Kansas City Royals,P,7500000
Garrett Whitlock,Boston Red Sox,P,7500000
Myles Straw,Toronto Blue Jays,OF,7400000
Jackson Chourio,Milwaukee Brewers,OF,7250000
Adley Rutschman,Baltimore Orioles,C,7250000
Ozzie Albies,Atlanta Braves,2B,7000000
Drew Anderson,Detroit Tigers,P,7000000
Ke'Bryan Hayes,Cincinnati Reds,3B,7000000
Adrian Houser,San Francisco Giants,P,7000000
Yariel Rodriguez,Toronto Blue Jays,P,7000000
Michael Soroka,Arizona Diamondbacks,P,7000000
Trevor Williams,Washington Nationals,P,7000000
Luis Garcia,Washington Nationals,1B,6875000
Tyler Stephenson,Cincinnati Reds,C,6800000
Jesús Sánchez,Toronto Blue Jays,OF,6800000
Ryan Mountcastle,Baltimore Orioles,1B,6787000
Justin Steele,Chicago Cubs,P,6775000
Kyle Higashioka,Texas Rangers,C,6750000
Ryan Jeffers,Minnesota Twins,C,6700000
Jason Adam,San Diego Padres,P,6675000
George Kirby,Seattle Mariners,P,6550000
Ramon Laureano,San Diego Padres,OF,6500000
Cedric Mullins,Tampa Bay Rays,OF,6500000
Evan Phillips,Los Angeles Dodgers,P,6500000
Emmanuel Clase,Cleveland Guardians,P,6400000
Geraldo Perdomo,Arizona Diamondbacks,SS,6250000
Rob Refsnyder,Seattle Mariners,OF,6250000
Trevor Rogers,Baltimore Orioles,P,6200000
Brayan Bello,Boston Red Sox,P,6166666
Kris Bubic,Kansas City Royals,P,6150000
Casey Mize,Detroit Tigers,P,6150000
Camilo Doval,New York Yankees,P,6100000
Mauricio Dubon,Atlanta Braves,SS,6100000
Joe Ryan,Minnesota Twins,P,6100000
Aaron Civale,Athletics,P,6000000
Isiah Kiner-Falefa,Boston Red Sox,SS,6000000
Cody Ponce,Toronto Blue Jays,P,6000000
Jose Quintana,Colorado Rockies,P,6000000
Travis d'Arnaud,Los Angeles Angels,C,6000000
Bryson Stott,Philadelphia Phillies,2B,5900000
Bryan Abreu,Houston Astros,P,5850000
Brendan Donovan,Seattle Mariners,3B,5800000
Josh Bell,Minnesota Twins,1B,5750000
Dean Kremer,Baltimore Orioles,P,5750000
Yuki Matsui,San Diego Padres,P,5750000
Drew Rasmussen,Tampa Bay Rays,P,5750000
Hunter Brown,Houston Astros,P,5710000
Aaron Ashby,Milwaukee Brewers,P,5700000
MacKenzie Gore,Texas Rangers,P,5600000
Gavin Lux,Tampa Bay Rays,2B,5525000
Willi Castro,Colorado Rockies,2B,5500000
Foster Griffin,Washington Nationals,P,5500000
Pierce Johnson,Cincinnati Reds,P,5500000
Phil Maton,Chicago Cubs,P,5500000
Colin Rea,Chicago Cubs,P,5500000
Miguel Rojas,Los Angeles Dodgers,SS,5500000
Keibert Ruiz,Washington Nationals,C,5375000
Shea Langeliers,Athletics,C,5250000
Lars Nootbaar,St. Louis Cardinals,OF,5250000
Lane Thomas,Kansas City Royals,OF,5250000
Jose Trevino,Cincinnati Reds,C,5250000
Ezequiel Tovar,Colorado Rockies,SS,5214285
Jo Adell,Los Angeles Angels,OF,5200000
Brandon Marsh,Philadelphia Phillies,OF,5200000
Bailey Ober,Minnesota Twins,P,5200000
Victor Robles,Seattle Mariners,OF,5125000
Tomoyuki Sugano,Colorado Rockies,P,5100000
Riley Greene,Detroit Tigers,OF,5000000
Hunter Harvey,Chicago Cubs,P,5000000
Austin Hays,Chicago White Sox,OF,5000000
Anthony Kay,Chicago White Sox,P,5000000
Carson Kelly,Chicago Cubs,C,5000000
Kirby Yates,Los Angeles Angels,P,5000000
Brooks Raley,New York Mets,P,4750000
Nick Lodolo,Cincinnati Reds,P,4725000
Trevor Megill,Milwaukee Brewers,P,4700000
Ernie Clement,Toronto Blue Jays,2B,4600000
Cole Ragans,Kansas City Royals,P,4583333
Yainer Diaz,Houston Astros,C,4500000
Caleb Ferguson,Cincinnati Reds,P,4500000
Enrique Hernandez,Los Angeles Dodgers,OF,4500000
Sean Newcomb,Chicago White Sox,P,4500000
Clarke Schmidt,New York Yankees,P,4500000
Gavin Sheets,San Diego Padres,1B,4500000
Trevor Larnach,Minnesota Twins,OF,4475000
Edward Cabrera,Chicago Cubs,P,4450000
Wandy Peralta,San Diego Padres,P,4450000
Tanner Bibee,Cleveland Guardians,P,4400000
Eric Lauer,Los Angeles Dodgers,P,4400000
Edmundo Sosa,Philadelphia Phillies,3B,4400000
Danny Jansen,Texas Rangers,C,4350000
Colt Keith,Detroit Tigers,3B,4333333
Maikel Garcia,Kansas City Royals,3B,4260000
JoJo Romero,St. Louis Cardinals,P,4260000
CJ Abrams,Washington Nationals,SS,4200000
Zach McKinstry,Detroit Tigers,2B,4200000
Vinnie Pasquantino,Kansas City Royals,1B,4200000
Tanner Houck,Boston Red Sox,P,4150000
Zach Neto,Los Angeles Angels,SS,4150000
Brice Turang,Milwaukee Brewers,2B,4150000
Hyeseong Kim,Los Angeles Dodgers,2B,4083333
Spencer Torkelson,Detroit Tigers,1B,4075000
Shawn Armstrong,Cleveland Guardians,P,4000000
Victor Caratini,Minnesota Twins,C,4000000
Paul Goldschmidt,New York Yankees,1B,4000000
Austin Hedges,Cleveland Guardians,C,4000000
Chris Martin,Texas Rangers,P,4000000
Mason Miller,San Diego Padres,P,4000000
Yoan Moncada,Los Angeles Angels,3B,4000000
Mickey Moniak,Colorado Rockies,OF,4000000
Andre Pallante,St. Louis Cardinals,P,4000000
Drew Pomeranz,Los Angeles Angels,P,4000000
Spencer Steer,Cincinnati Reds,OF,4000000
Caleb Thielbar,Chicago Cubs,P,4000000
Ryan Thompson,Arizona Diamondbacks,P,3950000
Will Vest,Detroit Tigers,P,3950000
Adrian Morejon,San Diego Padres,P,3900000
T.J. Friedl,Cincinnati Reds,OF,3800000
Tyrone Taylor,New York Mets,OF,3800000
Hoby Milner,Chicago Cubs,P,3750000
John Schreiber,Kansas City Royals,P,3715000
Lawrence Butler,Athletics,OF,3678571
Bailey Falter,Kansas City Royals,P,3600000
Shane McClanahan,Tampa Bay Rays,P,3600000
Griffin Jax,Tampa Bay Rays,P,3565000
Kyle Bradish,Baltimore Orioles,P,3550000
Jake Meyers,Houston Astros,OF,3550000
Alex Vesia,Los Angeles Dodgers,P,3550000
Martín Pérez,Atlanta Braves,P,3500000
Cristopher Sanchez,Philadelphia Phillies,P,3500000
Dennis Santana,Pittsburgh Pirates,P,3500000
Ryne Stanek,St. Louis Cardinals,P,3500000
Trevor Stephan,Cleveland Guardians,P,3500000
Anthony Volpe,New York Yankees,SS,3475000
Brandon Pfaadt,Arizona Diamondbacks,P,3400000
Alec Burleson,St. Louis Cardinals,1B,3300000
Oneil Cruz,Pittsburgh Pirates,OF,3300000
Kerry Carpenter,Detroit Tigers,OF,3275000
Matt Vierling,Detroit Tigers,OF,3255000
Josh H. Smith,Texas Rangers,2B,3225000
Jake Burger,Texas Rangers,1B,3200000
Brenton Doyle,Colorado Rockies,OF,3100000
A.J. Puk,Arizona Diamondbacks,P,3100000
Jake Rogers,Detroit Tigers,C,3050000
Ryan Pepiot,Tampa Bay Rays,P,3025000
Jake Fraley,Tampa Bay Rays,OF,3000000
Tim Hill,New York Yankees,P,3000000
Tyler Kinley,Atlanta Braves,P,3000000
Zack Littell,Washington Nationals,P,3000000
Ryne Nelson,Arizona Diamondbacks,P,3000000
Max Scherzer,Toronto Blue Jays,P,3000000
Keegan Akin,Baltimore Orioles,P,2975000
James McCann,Arizona Diamondbacks,C,2975000
Josh Jung,Texas Rangers,3B,2900000
Jose Soriano,Los Angeles Angels,P,2900000
Cooper Pratt,Milwaukee Brewers,SS,2875000
Mark Leiter Jr.,Athletics,P,2850000
Royce Lewis,Minnesota Twins,3B,2850000
Anthony Bender,Miami Marlins,P,2810000
Brusdar Graterol,Los Angeles Dodgers,P,2800000
Jake Irvin,Washington Nationals,P,2800000
Kutter Crawford,Boston Red Sox,P,2750000
Jake Junis,Texas Rangers,P,2750000
JP Sears,San Diego Padres,P,2750000
Sung Mun Song,San Diego Padres,3B,2750000
Kevin Ginkel,Arizona Diamondbacks,P,2725000
Jake Bauers,Milwaukee Brewers,1B,2700000
Kyle Isbel,Kansas City Royals,OF,2700000
Nolan Gorman,St. Louis Cardinals,3B,2655000
Roman Anthony,Boston Red Sox,OF,2625000
Reid Detmers,Los Angeles Angels,P,2625000
Logan O'Hoppe,Los Angeles Angels,C,2625000
Josh Lowe,Los Angeles Angels,OF,2600000
Gabriel Moreno,Arizona Diamondbacks,C,2550000
Nick Fortes,Tampa Bay Rays,C,2535000
Joey Bart,Pittsburgh Pirates,C,2530000
Dietrich Enns,Baltimore Orioles,P,2500000
Santiago Espinal,Los Angeles Dodgers,3B,2500000
Tylor Megill,New York Mets,P,2500000
Amed Rosario,New York Yankees,SS,2500000
Ryan Yarbrough,New York Yankees,P,2500000
Ryan Feltner,Colorado Rockies,P,2450000
Taylor Walls,Tampa Bay Rays,SS,2450000
Tyler Wells,Baltimore Orioles,P,2450000
Bryce Miller,Seattle Mariners,P,2437500
Francisco Alvarez,New York Mets,C,2400000
Garrett Cleavinger,Tampa Bay Rays,P,2400000
Justin Martinez,Arizona Diamondbacks,P,2400000
Konnor Griffin,Pittsburgh Pirates,SS,2333333
Brock Burke,Cincinnati Reds,P,2325000
Steven Okert,Houston Astros,P,2325000
Matt McLain,Cincinnati Reds,2B,2300000
Luis Lara,Milwaukee Brewers,OF,2285714
Luis Torrens,New York Mets,C,2275000
Matthew Liberatore,St. Louis Cardinals,P,2260000
Félix Bautista,Baltimore Orioles,P,2250000
Kristian Campbell,Boston Red Sox,2B,2250000
Mitch Garver,Seattle Mariners,C,2250000
Miles Mikolas,Washington Nationals,P,2250000
Joel Payamps,Atlanta Braves,P,2250000
Ceddanne Rafaela,Boston Red Sox,OF,2250000
Pavin Smith,Arizona Diamondbacks,1B,2250000
Dylan Lee,Atlanta Braves,P,2200000
Luis Rengifo,Milwaukee Brewers,2B,2200000
Luis Gil,New York Yankees,P,2162500
Gabe Speier,Seattle Mariners,P,2125000
Jackson Merrill,San Diego Padres,OF,2111111
Freddy Fermin,San Diego Padres,C,2100000
Ryan Weiss,Houston Astros,P,2100000
Luke Raley,Seattle Mariners,P,2050000
Scott Barlow,Athletics,P,2000000
Paul Blackburn,New York Yankees,P,2000000
José Caballero,New York Yankees,SS,2000000
Dylan Carlson,Chicago Cubs,OF,2000000
Michael Conforto,Chicago Cubs,OF,2000000
Colt Emerson,Seattle Mariners,SS,2000000
Jason Foley,San Francisco Giants,P,2000000
Nolan Jones,Chicago White Sox,OF,2000000
Christopher Morel,Miami Marlins,1B,2000000
Shinnosuke Ogasawara,Washington Nationals,P,2000000
Taylor Rogers,Minnesota Twins,P,2000000
Carlos Santana,Arizona Diamondbacks,1B,2000000
Leody Taveras,Baltimore Orioles,OF,2000000
Jalen Beeks,Texas Rangers,P,1975000
Alek Thomas,Los Angeles Dodgers,OF,1962500
Alek Manoah,Los Angeles Angels,P,1950000
Nick Mears,Kansas City Royals,P,1900000
JT Brubaker,San Francisco Giants,P,1820000
Javier Assad,Chicago Cubs,P,1800000
Shane Baz,Baltimore Orioles,P,1800000
Calvin Faucher,Miami Marlins,P,1800000
Tony Santillan,Cincinnati Reds,P,1800000
Graham Ashcraft,Cincinnati Reds,P,1750000
Adam Frazier,Los Angeles Angels,2B,1750000
Nathaniel Lowe,Cincinnati Reds,1B,1750000
Tim Mayza,Philadelphia Phillies,P,1750000
Gary Sánchez,Milwaukee Brewers,C,1750000
Will Benson,Cincinnati Reds,OF,1725000
Anthony Banda,Minnesota Twins,P,1625000
Samuel Basallo,Baltimore Orioles,C,1625000
Triston Casas,Boston Red Sox,1B,1610000
Alex Call,Los Angeles Dodgers,OF,1600000
Yennier Cano,Baltimore Orioles,P,1600000
Enyel De Los Santos,Houston Astros,P,1600000
Romy Gonzalez,Boston Red Sox,2B,1600000
Eric Haase,San Francisco Giants,C,1600000
Jose Siri,Los Angeles Angels,OF,1600000
Tyler Holton,Detroit Tigers,P,1575000
Michael Massey,Kansas City Royals,2B,1570000
Matt Brash,Seattle Mariners,P,1550000
Taylor Clarke,Arizona Diamondbacks,P,1550000
Jimmy Herget,Colorado Rockies,P,1550000
Johan Oviedo,Boston Red Sox,P,1550000
Braxton Garrett,Miami Marlins,P,1530000
Tyler Freeman,Colorado Rockies,OF,1525000
Jake McCarthy,Colorado Rockies,OF,1525000
Edwin Uceta,Tampa Bay Rays,P,1525000
Steven Wilson,Tampa Bay Rays,P,1520000
Miguel Andujar,San Diego Padres,OF,1500000
Walker Buehler,San Diego Padres,P,1500000
Danny Coulombe,Boston Red Sox,P,1500000
Erick Fedde,Chicago White Sox,P,1500000
Lucas Giolito,San Diego Padres,P,1500000
Colin Holderman,Cleveland Guardians,P,1500000
Rhys Hoskins,Cleveland Guardians,1B,1500000
John King,Miami Marlins,P,1500000
Peter Lambert,Houston Astros,P,1500000
Jonathan Loaisiga,Arizona Diamondbacks,P,1500000
Joey Lucchesi,Los Angeles Angels,P,1500000
MJ Melendez,New York Mets,OF,1500000
Paul Sewald,Arizona Diamondbacks,P,1500000
Burch Smith,Detroit Tigers,P,1500000
Ramon Urias,St. Louis Cardinals,2B,1500000
José Urquidy,Pittsburgh Pirates,P,1500000
Jacob Webb,Chicago Cubs,P,1500000
Fernando Cruz,New York Yankees,P,1450000
Dylan Moore,Philadelphia Phillies,2B,1450000
Tyler Soderstrom,Athletics,OF,1428571
Jacob Wilson,Athletics,SS,1428571
Nick Allen,Houston Astros,SS,1400000
J.J. Bleday,Cincinnati Reds,OF,1400000
Sam Hentges,San Francisco Giants,P,1400000
Ezequiel Duran,Texas Rangers,2B,1375000
David Fry,Cleveland Guardians,C,1375000
Connor Wong,Boston Red Sox,C,1375000
Ty France,San Diego Padres,1B,1350000
Josiah Gray,Washington Nationals,P,1350000
Alex Jackson,Minnesota Twins,C,1350000
Starling Marte,Kansas City Royals,OF,1350000
Nate Pearson,Houston Astros,P,1350000
Ryan Weathers,New York Yankees,P,1350000
Enmanuel De Jesus,Detroit Tigers,P,1300000
Reed Garrett,New York Mets,P,1300000
Gregory Santos,San Francisco Giants,P,1300000
Brock Stewart,Los Angeles Dodgers,P,1300000
Keegan Thompson,Colorado Rockies,P,1300000
Bryan Baker,Tampa Bay Rays,P,1275000
Orlando Arcia,Minnesota Twins,SS,1250000
Tyler Austin,Chicago Cubs,1B,1250000
Akil Baddoo,Milwaukee Brewers,OF,1250000
Kyle Farmer,Atlanta Braves,SS,1250000
Jonah Heim,Athletics,C,1250000
Scott Kingery,Chicago Cubs,2B,1250000
Jordan Montgomery,Texas Rangers,P,1250000
Ben Rortvedt,New York Mets,C,1250000
Dominic Smith,Atlanta Braves,1B,1250000
Brent Suter,Los Angeles Angels,P,1250000
Jack Suwinski,Los Angeles Dodgers,OF,1250000
Rowdy Tellez,Atlanta Braves,DH,1250000
Ildemaro Vargas,Arizona Diamondbacks,2B,1250000
Tyler Heineman,Los Angeles Angels,C,1237500
Justin Lawrence,Minnesota Twins,P,1225000
Tanner Banks,Philadelphia Phillies,P,1200000
Oswaldo Cabrera,New York Yankees,3B,1200000
Andy Ibanez,New York Mets,2B,1200000
Beau Brieske,Detroit Tigers,P,1157500
Jared Young,New York Mets,1B,1150000
Tyler Alexander,Texas Rangers,P,1125000
Cole Sands,Minnesota Twins,P,1100000
Angel Zerpa,Milwaukee Brewers,P,1095000
Paul Skenes,Pittsburgh Pirates,P,1085000
Huascar Brazoban,New York Mets,P,1050000
Ian Hamilton,Atlanta Braves,P,1050000
Cole Sulser,Tampa Bay Rays,P,1050000
Daniel Lynch,Kansas City Royals,P,1025000
Riley Adams,Washington Nationals,C,1000000
Nick Anderson,Athletics,P,1000000
Griffin Canning,San Diego Padres,P,1000000
Patrick Corbin,Toronto Blue Jays,P,1000000
Alexis Diaz,Texas Rangers,P,1000000
Matt Festa,Cleveland Guardians,P,1000000
Kyle Hart,San Diego Padres,P,1000000
Max Kranick,Washington Nationals,P,1000000
Alex Lange,Kansas City Royals,P,1000000
Sandy León,Atlanta Braves,C,1000000
Richard Lovelady,Washington Nationals,P,1000000
Trey Mancini,Los Angeles Angels,OF,1000000
Joe Mantiply,Toronto Blue Jays,P,1000000
Jorge Mateo,Atlanta Braves,SS,1000000
Eli Morgan,Kansas City Royals,P,1000000
Germán Márquez,San Diego Padres,P,1000000
Cal Quantrill,Texas Rangers,P,1000000
Trevor Richards,Chicago White Sox,P,1000000
Tayler Saucedo,Los Angeles Angels,P,1000000
Austin Slater,Tampa Bay Rays,OF,1000000
Trent Thornton,Chicago Cubs,P,1000000
Kyle Tucker,Los Angeles Dodgers,OF,1000000
Christian Vazquez,Houston Astros,C,1000000
Patrick Wisdom,Seattle Mariners,3B,1000000
Max Meyer,Miami Marlins,P,980000
Jake Bird,New York Yankees,P,975000
Hayden Wesneski,Houston Astros,P,975000
Jake Cousins,Los Angeles Dodgers,P,950000
Garrett Mitchell,Milwaukee Brewers,OF,950000
Ryan Vilade,Tampa Bay Rays,OF,950000
Richard Palacios,Tampa Bay Rays,2B,945000
Brennan Bernardino,Colorado Rockies,P,925000
Kevin Kelly,Tampa Bay Rays,P,925000
Garrett Stubbs,Philadelphia Phillies,C,925000
Danny Young,Atlanta Braves,P,925000
Eduard Bazardo,Seattle Mariners,P,923000
Bennett Sousa,Houston Astros,P,910000
Rob Zastryzny,Milwaukee Brewers,P,902500
Will Brennan,San Francisco Giants,OF,900000
Connor Brogdon,Cleveland Guardians,P,900000
Luis Campusano,San Diego Padres,C,900000
Rico Garcia,Baltimore Orioles,P,900000
Tyler Gilbert,Chicago White Sox,P,900000
Derek Hill,Philadelphia Phillies,OF,900000
Roddery Munoz,Houston Astros,P,900000
José Suarez,Athletics,P,900000
Taylor Trammell,Houston Astros,OF,900000
Luis Vazquez,Baltimore Orioles,SS,900000
Joey Wentz,Atlanta Braves,P,900000
Eli White,Atlanta Braves,OF,900000
Pete Crow-Armstrong,Chicago Cubs,OF,894000
Cody Laweryson,Minnesota Twins,P,875000
Sam Moll,Cincinnati Reds,P,875000
Christian Roa,Chicago Cubs,P,875000
Austin Wells,New York Yankees,C,866200
Cade Cavalli,Washington Nationals,P,862500
Michael Busch,Chicago Cubs,1B,860000
Rafael Marchán,Philadelphia Phillies,C,860000
Ty Adcock,San Diego Padres,P,850000
Tejay Antone,Cincinnati Reds,P,850000
Justin Bruihl,St. Louis Cardinals,P,850000
Vidal Brujan,New York Mets,2B,850000
Chris Devenski,Pittsburgh Pirates,P,850000
Matt Gage,San Francisco Giants,P,850000
Michael Grove,Tampa Bay Rays,P,850000
Justin Hagenman,New York Mets,P,850000
Jonathan Hernandez,Los Angeles Dodgers,P,850000
Codi Heuer,Cleveland Guardians,P,850000
Connor Joe,Seattle Mariners,1B,850000
Tommy Kahnle,Boston Red Sox,P,850000
Caleb Kilian,San Francisco Giants,P,850000
Jared Oliva,San Francisco Giants,OF,850000
Josh Rojas,Kansas City Royals,SS,850000
Joe Ross,Texas Rangers,P,850000
Nick Solak,San Diego Padres,OF,850000
Chadwick Tromp,Atlanta Braves,C,850000
Ricky Vanasco,Detroit Tigers,P,850000
LaMonte Wade Jr.,Houston Astros,1B,850000
Jacob Waguespack,Detroit Tigers,P,850000
Brandon Walter,Houston Astros,P,850000
Davis Wendzel,Pittsburgh Pirates,3B,850000
Ben Rice,New York Yankees,1B,845800
James Karinchak,Atlanta Braves,P,840000
Luis Medina,Athletics,P,835000
Dillon Dingler,Detroit Tigers,C,834900
Jahmai Jones,Detroit Tigers,OF,832200
Bryan Woo,Seattle Mariners,P,831600
Will Warren,New York Yankees,P,826625
Shane Smith,Chicago White Sox,P,825900
Yohan Ramirez,Pittsburgh Pirates,P,825000
Ken Waldichuk,Washington Nationals,P,825000
Bo Naylor,Cleveland Guardians,C,824900
Cade Smith,Cleveland Guardians,P,824600
Andres Chaparro,Washington Nationals,3B,822600
Gavin Williams,Cleveland Guardians,P,822200
Louie Varland,Toronto Blue Jays,P,821500
Tristan Beck,San Francisco Giants,P,820000
Ty Blach,Chicago Cubs,P,820000
Deyvison De Los Santos,Miami Marlins,3B,820000
Robert Gasser,Milwaukee Brewers,P,820000
Tayron Guerrero,Boston Red Sox,P,820000
P.J. Higgins,Cincinnati Reds,C,820000
Drey Jameson,Arizona Diamondbacks,P,820000
Zack Kelly,Boston Red Sox,P,820000
Ethan Roberts,Chicago Cubs,P,820000
Ali Sanchez,New York Yankees,C,820000
Jared Shuster,St. Louis Cardinals,P,820000
Albert Suarez,Baltimore Orioles,P,820000
Jared Triolo,Pittsburgh Pirates,SS,818900
Reese Olson,Detroit Tigers,P,818100
Cade Horton,Chicago Cubs,P,817500
Mark Vientos,New York Mets,3B,813750
Davis Schneider,Toronto Blue Jays,3B,813500
Brendon Little,Toronto Blue Jays,P,811900
Brett Baty,New York Mets,2B,811500
Addison Barger,Toronto Blue Jays,OF,811000
Otto Lopez,Miami Marlins,SS,810500
Wilyer Abreu,Boston Red Sox,OF,810000
Patrick Bailey,Cleveland Guardians,C,810000
Jack Dreyer,Los Angeles Dodgers,P,810000
Hunter Goodman,Colorado Rockies,C,810000
Ben Joyce,Los Angeles Angels,P,810000
James McArthur,Kansas City Royals,P,810000
Erik Miller,San Francisco Giants,P,810000
Oswald Peraza,Los Angeles Angels,2B,810000
Heliot Ramos,San Francisco Giants,OF,810000
Grayson Rodriguez,Los Angeles Angels,P,810000
Nolan Schanuel,Los Angeles Angels,1B,810000
Casey Schmitt,San Francisco Giants,1B,810000
Emmet Sheehan,Los Angeles Dodgers,P,810000
Gavin Stone,Los Angeles Dodgers,P,810000
Ryan Walker,San Francisco Giants,P,810000
Cam Smith,Houston Astros,OF,809900
Bowden Francis,Toronto Blue Jays,P,809800
Jeremiah Estrada,San Diego Padres,P,809500
Hunter Gaddis,Cleveland Guardians,P,809500
Ronny Henriquez,Miami Marlins,P,809000
Randy Vasquez,San Diego Padres,P,808800
Miguel Amaya,Chicago Cubs,C,808500
Nathan Lukes,Toronto Blue Jays,OF,808500
Daniel Palencia,Chicago Cubs,P,808000
Osvaldo Bido,Chicago White Sox,P,807925
Ron Marinaccio,San Diego Padres,P,807650
Andruw Monasterio,Boston Red Sox,SS,807500
Greg Weissert,Boston Red Sox,P,807500
Bryan Hoeing,San Diego Padres,P,807000
James Wood,Washington Nationals,OF,806900
Carmen Mlodzinski,Pittsburgh Pirates,P,806800
Tobias Myers,New York Mets,P,806300
Miguel Vargas,Chicago White Sox,3B,805700
Orion Kerkering,Philadelphia Phillies,P,805500
Parker Meadows,Detroit Tigers,OF,805300
Bryce Johnson,San Diego Padres,OF,805000
Wyatt Langford,Texas Rangers,OF,805000
Matt Shaw,Chicago Cubs,3B,804500
Kyle Stowers,Miami Marlins,OF,804200
Xavier Edwards,Miami Marlins,2B,804000
Kody Clemens,Minnesota Twins,1B,803900
Lenyn Sosa,Toronto Blue Jays,2B,803550
Lucas Erceg,Kansas City Royals,P,803500
Quinn Priester,Milwaukee Brewers,P,803200
Jordan Westburg,Baltimore Orioles,2B,802800
Ronel Blanco,Houston Astros,P,802700
Jackson Holliday,Baltimore Orioles,2B,802200
Taj Bradley,Minnesota Twins,P,802050
Noah Cameron,Kansas City Royals,P,802000
Spencer Horwitz,Pittsburgh Pirates,1B,802000
Nick Gonzales,Pittsburgh Pirates,3B,801600
Jared Jones,Pittsburgh Pirates,P,801600
Colton Cowser,Baltimore Orioles,OF,801500
Cam Schlittler,New York Yankees,P,801425
Tim Herrin,Cleveland Guardians,P,801200
Gabriel Arias,Cleveland Guardians,SS,801100
Daniel Schneemann,Cleveland Guardians,OF,800700
Sal Frelick,Milwaukee Brewers,OF,800600
Robert Garcia,Texas Rangers,P,800500
Henry Davis,Pittsburgh Pirates,C,800400
Jake Mangum,Pittsburgh Pirates,OF,800200
Michael Burrows,Houston Astros,P,800100
Andrew Abbott,Cincinnati Reds,P,800000
Shaun Anderson,Los Angeles Angels,P,800000
Sam Bachman,Los Angeles Angels,P,800000
Drake Baldwin,Atlanta Braves,C,800000
Hayden Birdsong,San Francisco Giants,P,800000
Ben Brown,Chicago Cubs,P,800000
Jose Butto,San Francisco Giants,P,800000
Ben Casparius,Los Angeles Dodgers,P,800000
Cooper Criswell,Seattle Mariners,P,800000
Elly De La Cruz,Cincinnati Reds,SS,800000
Tristan Gray,Minnesota Twins,SS,800000
Vaughn Grissom,Los Angeles Angels,2B,800000
Daysbel Hernández,Atlanta Braves,P,800000
Grant Holmes,Atlanta Braves,P,800000
Joe Jacques,New York Mets,P,800000
Jack Kochanowicz,Los Angeles Angels,P,800000
Christian Koss,San Francisco Giants,SS,800000
Corbin Martin,Chicago Cubs,P,800000
Bobby Miller,Los Angeles Dodgers,P,800000
Dane Myers,Cincinnati Reds,OF,800000
Andrew Nardi,Miami Marlins,P,800000
Carlos Narvaez,Boston Red Sox,C,800000
Andy Pages,Los Angeles Dodgers,OF,800000
Yohel Pozo,St. Louis Cardinals,C,800000
Randy Rodriguez,San Francisco Giants,P,800000
Landen Roupp,San Francisco Giants,P,800000
Reiver Sanmartin,San Francisco Giants,P,800000
Roki Sasaki,Los Angeles Dodgers,P,800000
Spencer Schwellenbach,Atlanta Braves,P,800000
Connor Seabold,Kansas City Royals,P,800000
Chase Silseth,Los Angeles Angels,P,800000
AJ Smith-Shawver,Atlanta Braves,P,800000
Brett Sullivan,Colorado Rockies,C,800000
Brandon Williamson,Cincinnati Reds,P,800000
Keaton Winn,San Francisco Giants,P,800000
Grant Wolfram,Baltimore Orioles,P,800000
Bryan King,Houston Astros,P,799900
J.C. Escarra,New York Yankees,C,799800
Isaac Collins,Kansas City Royals,OF,799750
Eury Pérez,Miami Marlins,P,799500
Masyn Winn,St. Louis Cardinals,SS,799450
Jordan Walker,St. Louis Cardinals,OF,799400
Matt Wallner,Minnesota Twins,OF,799350
Davis Martin,Chicago White Sox,P,798900
Iván Herrera,St. Louis Cardinals,C,798800
Colson Montgomery,Chicago White Sox,SS,798500
Kyle Manzardo,Cleveland Guardians,1B,798300
Abner Uribe,Milwaukee Brewers,P,798300
Hurston Waldrep,Atlanta Braves,P,798300
Janson Junk,Miami Marlins,P,798000
Brayan Rocchio,Cleveland Guardians,2B,797600
Jordan Leasure,Chicago White Sox,P,797550
James Outman,Detroit Tigers,OF,797550
Alec Marsh,Kansas City Royals,P,797500
Chris Murphy,Chicago White Sox,P,797250
Mason Fluharty,Toronto Blue Jays,P,797000
Pedro Pages,St. Louis Cardinals,C,796900
Matt Waldron,San Diego Padres,P,796800
Joey Cantillo,Cleveland Guardians,P,796600
Dominic Canzone,Seattle Mariners,OF,796600
José Ferrer,Seattle Mariners,P,796600
Braydon Fisher,Toronto Blue Jays,P,796600
Jonathan Aranda,Tampa Bay Rays,1B,796400
Chad Patrick,Milwaukee Brewers,P,796400
Simeon Woods-Richardson,Toronto Blue Jays,P,796250
Brant Hurter,Detroit Tigers,P,796200
Caleb Durbin,Boston Red Sox,3B,796000
Slade Cecconi,Cleveland Guardians,P,795600
Kyle Leahy,St. Louis Cardinals,P,795600
Braxton Ashcraft,Pittsburgh Pirates,P,795100
Riley O'Brien,St. Louis Cardinals,P,795050
Mike Vasil,Chicago White Sox,P,795050
Junior Caminero,Tampa Bay Rays,3B,794800
Kody Funderburk,Minnesota Twins,P,794700
Isaac Mattson,Pittsburgh Pirates,P,794200
Jacob Young,Washington Nationals,OF,794200
Jack Leiter,Texas Rangers,P,794000
Connor Norby,Miami Marlins,1B,794000
Tyler Phillips,Miami Marlins,P,794000
Manuel Rodriguez,Tampa Bay Rays,P,793600
Jacob Latz,Texas Rangers,P,793500
George Soriano,St. Louis Cardinals,P,793350
Emerson Hancock,Seattle Mariners,P,793300
Stephen Kolek,Kansas City Royals,P,793250
Sean Burke,Chicago White Sox,P,793200
Ryan Fernandez,St. Louis Cardinals,P,793100
Brooks Lee,Minnesota Twins,3B,793050
Cody Bradford,Texas Rangers,P,793000
Mason Montgomery,Pittsburgh Pirates,P,793000
Grant Anderson,Milwaukee Brewers,P,792900
Blaze Alexander,Baltimore Orioles,2B,792800
Edouard Julien,Colorado Rockies,2B,792750
Victor Scott II,St. Louis Cardinals,OF,792750
Brent Headrick,New York Yankees,P,792675
Michael Petersen,Miami Marlins,P,792500
Jose Fermin,St. Louis Cardinals,2B,792350
Miles Mastrobuoni,Seattle Mariners,OF,792300
Dedniel Nunez,New York Mets,P,792000
Agustin Ramirez,Miami Marlins,C,792000
Joey Loperfido,Houston Astros,OF,791900
Erik Sabrowski,Cleveland Guardians,P,791600
Lake Bachar,Miami Marlins,P,791500
Jhony Brito,San Diego Padres,P,791500
Evan Carter,Texas Rangers,OF,791500
Nolan McLean,New York Mets,P,791500
Esteury Ruiz,Miami Marlins,OF,791500
Javier Sanoja,Miami Marlins,SS,791500
Justin Slaten,Boston Red Sox,P,791500
David Festa,Minnesota Twins,P,791200
Coby Mayo,Baltimore Orioles,3B,790800
A.J. Blubaugh,Houston Astros,P,790700
Zach Dezenzo,Houston Astros,SS,790700
Austin Martin,Minnesota Twins,OF,790650
Jorbit Vivas,Washington Nationals,SS,790600
Joey Ortiz,Milwaukee Brewers,SS,790400
Carlos Vargas,Seattle Mariners,P,790100
Didier Fuentes,Atlanta Braves,P,790000
Edgardo Henriquez,Los Angeles Dodgers,P,790000
Liam Hicks,Miami Marlins,C,790000
Ryan Johnson,Los Angeles Angels,P,790000
Will Klein,Los Angeles Dodgers,P,790000
Landon Knack,Los Angeles Dodgers,P,790000
Rhett Lowder,Cincinnati Reds,P,790000
Noelvi Marte,Cincinnati Reds,OF,790000
Jovani Morán,Boston Red Sox,P,790000
Dalton Rushing,Los Angeles Dodgers,C,790000
Bryce Teodosio,Los Angeles Angels,OF,790000
Victor Vodnik,Colorado Rockies,P,790000
Justin Wrobleski,Los Angeles Dodgers,P,790000
Connelly Early,Boston Red Sox,P,789500
Heston Kjerstad,Baltimore Orioles,OF,789500
Jonny DeLuca,Tampa Bay Rays,OF,789300
Brooks Baldwin,Chicago White Sox,SS,789250
Chase Meidroth,Chicago White Sox,2B,789100
Kumar Rocker,Texas Rangers,P,789000
Trey Yesavage,Toronto Blue Jays,P,788800
Jeremiah Jackson,Baltimore Orioles,2B,788700
Trey Sweeney,Detroit Tigers,SS,788700
Drew Thorpe,Chicago White Sox,P,788600
Graham Pauley,Miami Marlins,3B,788500
Parker Messick,Cleveland Guardians,P,788400
Jacob Misiorowski,Milwaukee Brewers,P,788300
Luke Keaschall,Minnesota Twins,2B,788200
Mason Englert,Tampa Bay Rays,P,788100
Kyle Teel,Chicago White Sox,C,788050
D.L. Hall,Milwaukee Brewers,P,788000
Heriberto Hernandez,Miami Marlins,OF,788000
Angel Martinez,Cleveland Guardians,OF,788000
David Morgan,San Diego Padres,P,788000
Cole Winn,Texas Rangers,P,788000
Casey Legumina,Tampa Bay Rays,P,787900
Grant Taylor,Chicago White Sox,P,787900
Tim Tawa,Arizona Diamondbacks,2B,787700
Hunter Dobbins,St. Louis Cardinals,P,787600
Moisés Ballesteros,Chicago Cubs,C,787500
Adrian Del Castillo,Arizona Diamondbacks,C,787500
Chris Roycroft,St. Louis Cardinals,P,787500
Edgar Quero,Chicago White Sox,C,787450
Dylan Beavers,Baltimore Orioles,OF,787400
David Hamilton,Milwaukee Brewers,3B,787300
Bubba Chandler,Pittsburgh Pirates,P,787200
Thomas Saggese,St. Louis Cardinals,SS,787200
Andrew Saalfrank,Arizona Diamondbacks,P,786900
Nick Loftin,Kansas City Royals,SS,786750
Jordan Wicks,Chicago Cubs,P,786750
Kai-Wei Teng,Houston Astros,P,786700
Leonardo Rivas,Seattle Mariners,SS,786200
Kyle Harrison,Milwaukee Brewers,P,786100
Cole Young,Seattle Mariners,2B,786100
Griffin Conine,Miami Marlins,OF,786000
Daylen Lile,Washington Nationals,OF,786000
Jakob Marsee,Miami Marlins,OF,786000
Adam Mazur,Miami Marlins,P,786000
Luisangel Acuna,Chicago White Sox,OF,785950
Logan Evans,Seattle Mariners,P,785800
Yaramil Hiraldo,Baltimore Orioles,P,785800
Eric Orze,Minnesota Twins,P,785800
Matt Svanson,St. Louis Cardinals,P,785800
Tyler Locklear,Arizona Diamondbacks,1B,785700
Ben Williamson,Tampa Bay Rays,3B,785700
Otto Kemp,Philadelphia Phillies,3B,785500
Troy Melton,Detroit Tigers,P,785500
Gus Varland,Washington Nationals,P,785450
Clayton Beeter,Washington Nationals,P,785225
Prelander Berroa,Chicago White Sox,P,785200
Ky Bush,Chicago White Sox,P,785200
Brad Lord,Washington Nationals,P,785200
Colin Selby,Baltimore Orioles,P,785200
Joey Wiemer,Washington Nationals,OF,785200
Juan Morillo,Arizona Diamondbacks,P,785100
Chandler Simpson,Tampa Bay Rays,OF,785100
Kyle Backhus,Philadelphia Phillies,P,785000
Jordan Beck,Colorado Rockies,OF,785000
Jonathan Bowlan,Philadelphia Phillies,P,785000
Chase Burns,Cincinnati Reds,P,785000
Jeff Criswell,Colorado Rockies,P,785000
Cody Freeman,Texas Rangers,3B,785000
J.T. Ginn,Athletics,P,785000
Hogan Harris,Athletics,P,785000
Darell Hernaiz,Athletics,SS,785000
Michael Kelly,Athletics,P,785000
Nick Kurtz,Athletics,1B,785000
Max Lazar,Philadelphia Phillies,P,785000
Joel Peguero,San Francisco Giants,P,785000
Gordon Graceffo,St. Louis Cardinals,P,784550
Michael McGreevy,St. Louis Cardinals,P,784550
Nick Yorke,Pittsburgh Pirates,2B,784500
José Tena,Washington Nationals,SS,784400
Jackson Jobe,Detroit Tigers,P,784300
Joe Boyle,Tampa Bay Rays,P,784200
DJ Herz,Washington Nationals,P,784200
Bailey Horn,Detroit Tigers,P,784100
Jac Caglianone,Kansas City Royals,OF,784000
Ian Seymour,Tampa Bay Rays,P,783800
Cole Henry,Washington Nationals,P,783700
Blake Walston,Arizona Diamondbacks,P,783700
Jorge Barrosa,Arizona Diamondbacks,OF,783600
Sawyer Gipson-Long,Detroit Tigers,P,783600
Jordan Lawlar,Arizona Diamondbacks,OF,783600
Marcelo Mayer,Boston Red Sox,2B,783500
Will Wagner,San Diego Padres,2B,783500
C.J. Kayfus,Cleveland Guardians,1B,783400
Travis Adams,Minnesota Twins,P,783300
Everson Pereira,Chicago White Sox,OF,783300
Brady House,Washington Nationals,3B,783200
Brandon Lockridge,Milwaukee Brewers,OF,783100
Nasim Nunez,Washington Nationals,2B,783100
Ryan Bliss,Seattle Mariners,2B,783000
Yoendrys Gomez,Minnesota Twins,P,783000
Brandon Sproat,Milwaukee Brewers,P,783000
Tyler Tolbert,Kansas City Royals,SS,783000
Hunter Barco,Pittsburgh Pirates,P,782900
Billy Cook,Pittsburgh Pirates,OF,782800
Bradgley Rodriguez,San Diego Padres,P,782800
Drew Millas,Washington Nationals,C,782700
Mick Abel,Minnesota Twins,P,782500
Maximo Acosta,Miami Marlins,SS,782500
Alex Freeland,Los Angeles Dodgers,2B,782500
Brice Matthews,Houston Astros,SS,782400
Nathan Church,St. Louis Cardinals,OF,782150
Zach Agnos,Colorado Rockies,P,782000
McCade Brown,Colorado Rockies,P,782000
Chase Dollander,Colorado Rockies,P,782000
Hunter Feduccia,Tampa Bay Rays,C,782000
Jaden Hill,Colorado Rockies,P,782000
Troy Johnston,Colorado Rockies,OF,782000
Kyle Karros,Colorado Rockies,3B,782000
Juan Mejia,Colorado Rockies,P,782000
Cristian Mena,Arizona Diamondbacks,P,782000
Pierson Ohl,Colorado Rockies,P,782000
Ryan Ritter,Colorado Rockies,SS,782000
Anthony Seigler,Boston Red Sox,C,782000
P.J. Poulin,Washington Nationals,P,781900
Zak Kent,Washington Nationals,P,781850
Andrew Hoffman,Arizona Diamondbacks,P,781800
George Valera,Cleveland Guardians,OF,781700
Andrew Walters,Cleveland Guardians,P,781700
Paxton Schultz,Washington Nationals,P,781600
Craig Yoho,Milwaukee Brewers,P,781600
Owen Caissie,Miami Marlins,OF,781500
Andre Granillo,Washington Nationals,P,781500
Connor Phillips,Cincinnati Reds,P,781500
Sal Stewart,Cincinnati Reds,1B,781500
Carter Jensen,Kansas City Royals,C,781150
Nick Raquet,Baltimore Orioles,P,781050
Carson Williams,Tampa Bay Rays,SS,780800
Tristan Peters,Chicago White Sox,OF,780350
Philip Abner,Arizona Diamondbacks,P,780000
Daison Acosta,San Diego Padres,P,780000
Garrett Acton,Minnesota Twins,P,780000
Robert Ahlstrom,Texas Rangers,P,780000
Kevin Alcantara,Chicago Cubs,OF,780000
Samuel Aldegheri,Los Angeles Angels,P,780000
Franco Aleman,Cleveland Guardians,P,780000
Jason Alexander,Houston Astros,P,780000
Elvis Alvarado,Athletics,P,780000
Andrew Alvarez,Washington Nationals,P,780000
Jack Anderson,Boston Red Sox,P,780000
Tanner Andrews,Toronto Blue Jays,P,780000
Sam Antonacci,Chicago White Sox,2B,780000
Edwin Arroyo,Cincinnati Reds,SS,780000
Luinder Avila,Kansas City Royals,P,780000
Luken Baker,Arizona Diamondbacks,1B,780000
Charlie Barnes,Los Angeles Dodgers,P,780000
Mason Barnett,Athletics,P,780000
Brady Basso,Athletics,P,780000
Carter Baumler,Texas Rangers,P,780000
Travis Bazzana,Cleveland Guardians,2B,780000
Brendan Beck,New York Yankees,P,780000
Valente Bellozo,Colorado Rockies,P,780000
Carson Benge,New York Mets,OF,780000
Jake Bennett,Boston Red Sox,P,780000
Victor Bericoto,San Francisco Giants,OF,780000
Steward Berroa,Philadelphia Phillies,OF,780000
Brandan Bidois,Pittsburgh Pirates,P,780000
Mason Black,Kansas City Royals,P,780000
Tyler Black,Milwaukee Brewers,OF,780000
Henry Bolte,Athletics,OF,780000
Cody Bolton,Houston Astros,P,780000
Cam Booser,Tampa Bay Rays,P,780000
Jase Bowen,San Diego Padres,OF,780000
Juan Brito,Cleveland Guardians,SS,780000
Aaron Brooks,Tampa Bay Rays,P,780000
Zach Brzykcy,Miami Marlins,P,780000
Tyler Callihan,Pittsburgh Pirates,2B,780000
Jair Camargo,Atlanta Braves,C,780000
Gustavo Campero,Los Angeles Angels,OF,780000
Jeimer Candelario,Los Angeles Angels,3B,780000
Jonathan Cannon,Chicago White Sox,P,780000
Carlos Carrasco,Atlanta Braves,P,780000
Cole Carrigg,Colorado Rockies,C,780000
Blas Castano,Colorado Rockies,P,780000
Eiberson Castellano,Colorado Rockies,P,780000
Kervin Castro,New York Yankees,P,780000
Eric Cerantola,Kansas City Royals,P,780000
Denzel Clarke,Athletics,OF,780000
Zach Cole Jr.,Houston Astros,OF,780000
Gavin Collyer,Texas Rangers,P,780000
Riley Cornelio,Washington Nationals,P,780000
Carlos Cortes,Athletics,OF,780000
Jonah Cox,San Francisco Giants,OF,780000
Justin Crawford,Philadelphia Phillies,OF,780000
Jimmy Crooks III,St. Louis Cardinals,C,780000
Coleman Crow,Milwaukee Brewers,P,780000
Steven Cruz,Kansas City Royals,P,780000
Yovanny Cruz,New York Yankees,P,780000
Luis Curvelo,Texas Rangers,P,780000
Chad Dallas,Toronto Blue Jays,P,780000
Nick Davila,Seattle Mariners,P,780000
Tyler Davis,Chicago White Sox,P,780000
Chase DeLauter,Cleveland Guardians,OF,780000
Raynel Delgado,Houston Astros,3B,780000
Elias Diaz,Texas Rangers,C,780000
Will Dion,Cleveland Guardians,P,780000
Jasson Domínguez,New York Yankees,OF,780000
Wilber Dotel,Pittsburgh Pirates,P,780000
Daniel Duarte,New York Mets,P,780000
Blake Dunn,Cincinnati Reds,OF,780000
Oliver Dunn,Tampa Bay Rays,3B,780000
Rodolfo Durán,San Diego Padres,C,780000
Nate Eaton,Boston Red Sox,3B,780000
Jake Eder,Los Angeles Dodgers,P,780000
Josh Ekness,Miami Marlins,P,780000
Bryce Eldridge,San Francisco Giants,1B,780000
José Espada,Baltimore Orioles,P,780000
Daniel Espino,Cleveland Guardians,P,780000
Joey Estes,Athletics,P,780000
Lazaro Estrada,Toronto Blue Jays,P,780000
A.J. Ewing,New York Mets,OF,780000
Stuart Fairchild,Cleveland Guardians,OF,780000
Mitch Farris,Los Angeles Angels,P,780000
Kyler Fedko,Minnesota Twins,OF,780000
Tyler Ferguson,Chicago Cubs,P,780000
Jose Fermin,Los Angeles Angels,P,780000
Jose Fernandez,Arizona Diamondbacks,SS,780000
Brian Fitzpatrick,Milwaukee Brewers,P,780000
Rafael Flores,Pittsburgh Pirates,C,780000
Justin Foscue,Texas Rangers,2B,780000
Cameron Foster,Baltimore Orioles,P,780000
J.P. France,Houston Astros,P,780000
Jose Franco,Cincinnati Reds,P,780000
Braxton Fulford,Colorado Rockies,C,780000
Daxton Fulton,Miami Marlins,P,780000
Alec Gamboa,Boston Red Sox,P,780000
Aramis Garcia,Arizona Diamondbacks,C,780000
Brandyn Garcia,Arizona Diamondbacks,P,780000
Jhostynxon Garcia,Pittsburgh Pirates,OF,780000
Mickey Gasper,Boston Red Sox,C,780000
Joey Gerber,New York Mets,P,780000
Paul Gervase,Los Angeles Dodgers,P,780000
Cade Gibson,Miami Marlins,P,780000
Trey Gibson,Baltimore Orioles,P,780000
Domingo Gonzalez,Seattle Mariners,P,780000
Gabriel Gonzalez,Minnesota Twins,OF,780000
Jacob Gonzalez,Chicago White Sox,SS,780000
Colton Gordon,Houston Astros,P,780000
Tanner Gordon,Colorado Rockies,P,780000
Peyton Gray,Texas Rangers,P,780000
Randal Grichuk,Chicago White Sox,OF,780000
LuJames Groover,Arizona Diamondbacks,3B,780000
Ryan Gusto,Miami Marlins,P,780000
Denzer Guzman,Los Angeles Angels,SS,780000
Petey Halpin,Cleveland Guardians,OF,780000
Seth Halvorsen,Colorado Rockies,P,780000
Brenan Hanifee,Detroit Tigers,P,780000
Brett Harris,Athletics,3B,780000
Dustin Harris,Houston Astros,3B,780000
Jon Heasley,Tampa Bay Rays,P,780000
Michael Helman,Texas Rangers,2B,780000
Logan Henderson,Milwaukee Brewers,P,780000
Welinton Herrera,Colorado Rockies,P,780000
Rece Hinds,Miami Marlins,OF,780000
Nolan Hoffman,Philadelphia Phillies,P,780000
Gunnar Hoglund,Athletics,P,780000
Gavin Hollowell,Chicago Cubs,P,780000
Alex Hoppe,Seattle Mariners,P,780000
Bryan Hudson,Chicago White Sox,P,780000
Sam Huff,Baltimore Orioles,C,780000
Blake Hunt,San Diego Padres,C,780000
Jim Jarvis,Atlanta Braves,SS,780000
Leonardo Jimenez,Miami Marlins,SS,780000
Seth Johnson,Philadelphia Phillies,P,780000
Greg Jones,Milwaukee Brewers,SS,780000
Spencer Jones,New York Yankees,OF,780000
Stephen Jones,Miami Marlins,P,780000
Blaze Jordan,St. Louis Cardinals,3B,780000
Hayden Juenger,Toronto Blue Jays,P,780000
Gage Jump,Athletics,P,780000
Jace Jung,Detroit Tigers,3B,780000
Antwone Kelly,Pittsburgh Pirates,P,780000
William Kempner,Miami Marlins,P,780000
Buddy Kennedy,San Francisco Giants,2B,780000
Max Kepler,Arizona Diamondbacks,OF,780000
Brett Kerry,Los Angeles Angels,P,780000
Craig Kimbrel,Tampa Bay Rays,P,780000
George Klassen,Los Angeles Angels,P,780000
John Klein,Minnesota Twins,P,780000
Brooks Kriske,Athletics,P,780000
Joel Kuhnel,Milwaukee Brewers,P,780000
Joe La Sorsa,Boston Red Sox,P,780000
Chase Lee,Toronto Blue Jays,P,780000
Hao-Yu Lee,Detroit Tigers,2B,780000
Brandon Leibrandt,Cincinnati Reds,P,780000
Luke Little,Chicago Cubs,P,780000
Jacob Lopez,Athletics,P,780000
Nicky Lopez,Texas Rangers,SS,780000
Joe Mack,Miami Marlins,C,780000
Adam Macko,Toronto Blue Jays,P,780000
Ty Madden,Detroit Tigers,P,780000
Nick Madrigal,Los Angeles Angels,2B,780000
Riley Martin,Chicago Cubs,P,780000
Trevor Martin,Tampa Bay Rays,P,780000
Omar Martinez,Los Angeles Angels,C,780000
Luis Matos,Milwaukee Brewers,OF,780000
Brycen Mautz,St. Louis Cardinals,P,780000
Zach Maxwell,Cincinnati Reds,P,780000
Charles McAdoo,Toronto Blue Jays,2B,780000
Zach McCambley,Cincinnati Reds,P,780000
Chayce McDermott,Los Angeles Dodgers,P,780000
Trevor McDonald,San Francisco Giants,P,780000
Alexander McFarlane,Philadelphia Phillies,P,780000
Easton McGee,Milwaukee Brewers,P,780000
Kevin McGonigle,Detroit Tigers,3B,780000
Curtis Mead,Washington Nationals,3B,780000
Wade Meckler,Los Angeles Angels,OF,780000
Victor Mederos,Atlanta Braves,P,780000
Victor Mesa Jr.,Tampa Bay Rays,OF,780000
Luis Mey,Cincinnati Reds,P,780000
Spencer Miles,Toronto Blue Jays,P,780000
Wyatt Mills,Los Angeles Dodgers,P,780000
Kameron Misner,Kansas City Royals,OF,780000
Anthony Molina,Atlanta Braves,P,780000
Braden Montgomery,Chicago White Sox,OF,780000
Nick Morabito,New York Mets,OF,780000
Luis Morales,Athletics,P,780000
Andrew Morris,Minnesota Twins,P,780000
Kade Morris,Athletics,P,780000
Max Muncy,Athletics,3B,780000
Jayden Murray,Houston Astros,P,780000
Tanner Murray,Chicago White Sox,SS,780000
Samy Natera Jr.,Los Angeles Angels,P,780000
Doug Nikhazy,Chicago Cubs,P,780000
Rikuu Nishida,Chicago White Sox,2B,780000
Anthony Nunez,Baltimore Orioles,P,780000
Eduarniel Nunez,Chicago Cubs,P,780000
Robinson Ortiz,Seattle Mariners,P,780000
Alejandro Osuna,Texas Rangers,OF,780000
Chris Paddack,Cincinnati Reds,P,780000
Andrew Painter,Philadelphia Phillies,P,780000
Mike Paredes,Minnesota Twins,P,780000
Luis Peralta,Chicago Cubs,P,780000
Sammy Peralta,Colorado Rockies,P,780000
Jhonny Pereda,Seattle Mariners,C,780000
Cionel Perez,New York Mets,P,780000
Blake Perkins,Milwaukee Brewers,OF,780000
Jack Perkins,Athletics,P,780000
RJ Petit,Colorado Rockies,P,780000
Chase Petty,Cincinnati Reds,P,780000
Yohendrick Pinango,Toronto Blue Jays,OF,780000
Jonathan Pintaro,New York Mets,P,780000
Logan Porter,Los Angeles Angels,C,780000
Colin Price,Houston Astros,C,780000
Connor Prielipp,Minnesota Twins,P,780000
César Prieto,St. Louis Cardinals,2B,780000
Jeferson Quero,Milwaukee Brewers,C,780000
Pedro Ramirez,Chicago Cubs,SS,780000
Wilkin Ramos,San Francisco Giants,P,780000
Alan Rangel,Philadelphia Phillies,P,780000
Taylor Rashi,Minnesota Twins,P,780000
John Rave,Kansas City Royals,OF,780000
Felix Reyes,Philadelphia Phillies,OF,780000
Gabriel Rincones Jr.,Philadelphia Phillies,1B,780000
JR Ritchie,Atlanta Braves,P,780000
Eduardo Rivera,Boston Red Sox,P,780000
Sebastian Rivero,Los Angeles Angels,C,780000
Chuckie Robinson,Los Angeles Dodgers,C,780000
Joe Rock,Chicago White Sox,P,780000
Carlos F. Rodriguez,Milwaukee Brewers,P,780000
Elmer Rodriguez,New York Yankees,P,780000
Jesus Rodriguez,San Francisco Giants,C,780000
Johnathan Rodriguez,Baltimore Orioles,OF,780000
Kendry Rojas,Minnesota Twins,P,780000
Ryan Rolison,Chicago Cubs,P,780000
Drew Rom,Milwaukee Brewers,P,780000
Drew Romo,Chicago White Sox,C,780000
Michael Rucker,Seattle Mariners,P,780000
T.J. Rumfield,Colorado Rockies,1B,780000
Yacksel Ríos,Chicago Cubs,P,780000
César Salazar,Houston Astros,C,780000
Tyler Samaniego,Boston Red Sox,P,780000
Cam Sanders,Pittsburgh Pirates,P,780000
David Sandlin,Chicago White Sox,P,780000
Jayvien Sandridge,Baltimore Orioles,P,780000
Alimber Santa,Houston Astros,P,780000
Noah Schultz,Chicago White Sox,P,780000
Tyler Schweitzer,Chicago White Sox,P,780000
Christian Scott,New York Mets,P,780000
Hayden Senger,New York Mets,C,780000
Carson Seymour,San Francisco Giants,P,780000
Braden Shewmake,Houston Astros,SS,780000
TJ Shook,Colorado Rockies,P,780000
Zack Short,New York Mets,2B,780000
Chase Shugart,Philadelphia Phillies,P,780000
Josh Simpson,Seattle Mariners,P,780000
Dylan Smith,San Francisco Giants,P,780000
Robby Snelling,Miami Marlins,P,780000
Nick Sogard,Boston Red Sox,2B,780000
Chase Solesky,Tampa Bay Rays,P,780000
Drew Sommers,Detroit Tigers,P,780000
Mitch Spence,Kansas City Royals,P,780000
Justin Sterner,Athletics,P,780000
Chad Stevens,Colorado Rockies,SS,780000
Hunter Stratton,Atlanta Braves,P,780000
Kade Strowd,Arizona Diamondbacks,P,780000
Sean Sullivan,Colorado Rockies,P,780000
Daniel Susac,San Francisco Giants,C,780000
Samad Taylor,San Diego Padres,SS,780000
Colby Thomas,Athletics,OF,780000
Sterlin Thompson,Colorado Rockies,OF,780000
Zach Thornton,New York Mets,P,780000
Blade Tidwell,San Francisco Giants,P,780000
Payton Tolle,Boston Red Sox,P,780000
Jonah Tong,New York Mets,P,780000
Bryan Torres,St. Louis Cardinals,2B,780000
Tommy Troy,Arizona Diamondbacks,SS,780000
Walbert Urena,Los Angeles Angels,P,780000
Esmerlyn Valdez,Pittsburgh Pirates,OF,780000
Jesus Valdez,Arizona Diamondbacks,1B,780000
Logan VanWey,Houston Astros,P,780000
Nelson Velazquez,St. Louis Cardinals,OF,780000
Eric Wagaman,New York Mets,1B,780000
Ryan Waldschmidt,Arizona Diamondbacks,OF,780000
Josh Walker,Baltimore Orioles,P,780000
Donnie Walton,Los Angeles Angels,SS,780000
Ryan Ward,Los Angeles Dodgers,OF,780000
Curtis Washington Jr.,Seattle Mariners,OF,780000
Khalil Watson,Cleveland Guardians,OF,780000
Ryan Watson,Boston Red Sox,P,780000
Beck Way,Kansas City Royals,P,780000
Davis Wendzel,Pittsburgh Pirates,3B,780000
Cameron Weston,Baltimore Orioles,P,780000
JJ Wetherholt,St. Louis Cardinals,2B,780000
Carson Whisenhunt,San Francisco Giants,P,780000
Shay Whitcomb,Houston Astros,SS,780000
Josh White,Miami Marlins,P,780000
Rowan Wick,San Francisco Giants,P,780000
Cole Wilcox,Seattle Mariners,P,780000
Alika Williams,Athletics,SS,780000
Will Wilson,Seattle Mariners,SS,780000
Brett Wisely,Atlanta Braves,2B,780000
Gage Workman,Detroit Tigers,3B,780000
Ryan Zeferjahn,Los Angeles Angels,P,780000
Tyler Zuber,Miami Marlins,P,780000