name,team,salary,position,age,per
A.J. Lawson,Toronto Raptors,2270735,Shooting Guard,25,13.4
Aaron Gordon,Denver Nuggets,22841455,Power Forward,30,18.5
Aaron Nesmith,Indiana Pacers,11000000,Small Forward,26,10.8
Aaron Wiggins,Oklahoma City Thunder,10102802,Shooting Guard,27,11.7
Ace Bailey,Utah Jazz,9069840,Small Forward,19,11.6
Adem Bona,Philadelphia 76ers,1955377,Center,22,12.8
Adou Thiero,Los Angeles Lakers,1272870,Small Forward,21,10.7
AJ Green,Milwaukee Bucks,2301587,Shooting Guard,26,9.4
AJ Johnson,Dallas Mavericks,3090480,Shooting Guard,21,5.6
Ajay Mitchell,Oklahoma City Thunder,3000000,Shooting Guard,23,16.8
Al Horford,Golden State Warriors,5685000,Center,39,14.7
Alex Caruso,Oklahoma City Thunder,18102000,Shooting Guard,31,12.8
Alex Sarr,Washington Wizards,11808240,Center,20,19.4
Alperen Sengun,Houston Rockets,33944954,Center,23,21.4
Amari Williams,Boston Celtics,490128,Power Forward,24,9.7
Amen Thompson,Houston Rockets,9690600,Point Guard,23,18.9
Amir Coffey,Phoenix Suns,2296274,Shooting Guard,28,10.2
Andre Drummond,Philadelphia 76ers,5000000,Center,32,16.4
Andre Jackson Jr.,Milwaukee Bucks,2221677,Shooting Guard,24,6.8
Andrew Nembhard,Indiana Pacers,18102000,Point Guard,26,15.7
Andrew Wiggins,Miami Heat,28223214,Small Forward,30,15.1
Anfernee Simons,Chicago Bulls,27678571,Shooting Guard,26,14.4
Anthony Black,Orlando Magic,7970280,Point Guard,22,13.7
Anthony Davis,Dallas Mavericks,54126450,Power Forward,32,21.5
Anthony Edwards,Minnesota Timberwolves,45550512,Shooting Guard,24,21.8
Anthony Gill,Washington Wizards,2546675,Power Forward,33,13.4
Antonio Reeves,Charlotte Hornets,1955377,Shooting Guard,25,12.4
Ariel Hukporti,New York Knicks,1955377,Center,23,11.9
Asa Newell,Atlanta Hawks,3237480,Power Forward,20,14.2
Ausar Thompson,Detroit Pistons,8775000,Small Forward,23,16.2
Austin Reaves,Los Angeles Lakers,13937574,Shooting Guard,27,20.2
Ayo Dosunmu,Minnesota Timberwolves,7518519,Shooting Guard,26,16.5
Bam Adebayo,Miami Heat,37096620,Center,28,18.7
Baylor Scheierman,Boston Celtics,2619000,Shooting Guard,25,11.6
Ben Saraf,Brooklyn Nets,2884560,Shooting Guard,19,7.8
Ben Sheppard,Indiana Pacers,2790720,Shooting Guard,24,9.7
Bennedict Mathurin,LA Clippers,9187573,Small Forward,23,14.7
Bilal Coulibaly,Washington Wizards,7275600,Shooting Guard,21,13.5
Bismack Biyombo,San Antonio Spurs,2296274,Center,33,4.5
Blake Wesley,Portland Trail Blazers,4726328,Shooting Guard,22,10.8
Bobby Portis,Milwaukee Bucks,13580247,Power Forward,30,17.1
Bobi Klintman,Detroit Pistons,1955377,Small Forward,22,4.5
Bogdan Bogdanovic,LA Clippers,16020000,Shooting Guard,33,8.9
Bones Hyland,Minnesota Timberwolves,2296274,Point Guard,25,15.1
Bradley Beal,LA Clippers,5354000,Shooting Guard,32,5.1
Brandin Podziemski,Golden State Warriors,3687960,Shooting Guard,22,15
Brandon Clarke,Memphis Grizzlies,12500000,Power Forward,29,12.3
Brandon Ingram,Toronto Raptors,38095238,Small Forward,28,16.3
Brandon Miller,Charlotte Hornets,11968800,Small Forward,23,16.8
Brandon Williams,Dallas Mavericks,2270735,Point Guard,26,16.8
Brice Sensabaugh,Utah Jazz,2693760,Small Forward,22,14.4
Bronny James,Los Angeles Lakers,1955377,Shooting Guard,21,9
Brook Lopez,LA Clippers,8750000,Center,37,12.3
Bruce Brown,Denver Nuggets,2296274,Shooting Guard,29,10.8
Bryce McGowens,New Orleans Pelicans,724598,Shooting Guard,23,11.7
Bub Carrington,Washington Wizards,4677600,Point Guard,20,9.9
Buddy Hield,Atlanta Hawks,9219512,Shooting Guard,33,12.8
Cade Cunningham,Detroit Pistons,46394100,Point Guard,24,21.6
Caleb Houstan,Atlanta Hawks,699440,Small Forward,23,16.4
Caleb Martin,Dallas Mavericks,9594044,Small Forward,30,9.3
Cam Christie,LA Clippers,1955377,Shooting Guard,20,9.2
Cam Spencer,Memphis Grizzlies,2537989,Shooting Guard,25,17.2
Cam Thomas,Milwaukee Bucks,844607,Shooting Guard,24,12.6
Cam Whitmore,Washington Wizards,3539760,Small Forward,21,13.7
Cameron Johnson,Denver Nuggets,21057065,Small Forward,29,12.8
Cameron Payne,Philadelphia 76ers,712637,Point Guard,31,14.4
Caris LeVert,Detroit Pistons,14104000,Shooting Guard,31,10.9
Carter Bryant,San Antonio Spurs,4900320,Power Forward,20,9.9
Cason Wallace,Oklahoma City Thunder,5820240,Shooting Guard,22,12.1
Cedric Coward,Memphis Grizzlies,5715120,Shooting Guard,22,15.3
Chaz Lanier,Detroit Pistons,1372870,Shooting Guard,24,6.6
Chet Holmgren,Oklahoma City Thunder,13731368,Power Forward,23,21.6
Chris Boucher,Boston Celtics,2296274,Power Forward,33,7.7
Chris Paul,LA Clippers,2296274,Point Guard,40,8.1
Christian Braun,Denver Nuggets,4921797,Shooting Guard,24,12.6
CJ McCollum,Atlanta Hawks,30666666,Point Guard,34,15.9
Clint Capela,Houston Rockets,6700000,Center,31,17.9
Coby White,Charlotte Hornets,12888889,Shooting Guard,25,16.1
Cody Martin,Indiana Pacers,8680000,Small Forward,30,3
Cody Williams,Utah Jazz,5742480,Shooting Guard,21,9.6
Colby Jones,Detroit Pistons,2221677,Shooting Guard,23,12.9
Cole Anthony,Milwaukee Bucks,2296274,Point Guard,25,10.7
Colin Castleton,Orlando Magic,2191897,Center,25,7.9
Collin Gillespie,Phoenix Suns,2296274,Point Guard,26,15.3
Collin Murray-Boyles,Toronto Raptors,6332520,Power Forward,20,16.4
Collin Sexton,Chicago Bulls,19170000,Shooting Guard,27,17.4
Cooper Flagg,Dallas Mavericks,14386320,Small Forward,19,17.9
Corey Kispert,Atlanta Hawks,13975000,Small Forward,26,13.1
Craig Porter Jr.,Cleveland Cavaliers,2221677,Point Guard,25,13.7
D'Angelo Russell,Dallas Mavericks,5685000,Point Guard,29,12.3
Dalton Knecht,Los Angeles Lakers,4010160,Small Forward,24,10.1
Damian Lillard,Portland Trail Blazers,14104000,Point Guard,35,
Daniel Gafford,Dallas Mavericks,14386320,Center,27,18.8
Daniss Jenkins,Detroit Pistons,3809524,Point Guard,24,13.4
Danny Wolf,Brooklyn Nets,2801280,Power Forward,21,12.3
Dante Exum,Washington Wizards,2296274,Point Guard,30,
DaQuan Jeffries,Sacramento Kings,2743776,Shooting Guard,28,16.3
Dario Saric,Sacramento Kings,5426000,Center,31,0.6
Dariq Whitehead,Memphis Grizzlies,3262560,Small Forward,21,8.7
Darius Garland,LA Clippers,39446090,Point Guard,26,17.1
DaRon Holmes II,Denver Nuggets,3218760,Power Forward,23,13.4
Davion Mitchell,Miami Heat,11600000,Point Guard,27,12.1
Day'Ron Sharpe,Brooklyn Nets,6250000,Center,24,20.5
De'Aaron Fox,San Antonio Spurs,37096620,Point Guard,28,17.6
De'Andre Hunter,Sacramento Kings,23303571,Small Forward,28,11.4
De'Anthony Melton,Golden State Warriors,3080921,Point Guard,27,13.4
Dean Wade,Cleveland Cavaliers,6623456,Power Forward,29,10.9
Deandre Ayton,Los Angeles Lakers,8104000,Center,27,18.2
DeAndre Jordan,New Orleans Pelicans,2269880,Center,37,15.7
Dejounte Murray,New Orleans Pelicans,30801103,Point Guard,29,18.1
DeMar DeRozan,Sacramento Kings,24570000,Power Forward,36,17.8
Deni Avdija,Portland Trail Blazers,14375000,Small Forward,25,20.3
Dennis Schroder,Cleveland Cavaliers,14104000,Point Guard,32,12.9
Dereck Lively II,Dallas Mavericks,5253360,Center,21,15
Derik Queen,New Orleans Pelicans,5157960,Center,21,15.9
Derrick Jones Jr.,LA Clippers,10000000,Small Forward,28,13.3
Derrick White,Boston Celtics,28100001,Shooting Guard,31,16
Desmond Bane,Orlando Magic,36725670,Shooting Guard,27,16.9
Devin Booker,Phoenix Suns,53142264,Shooting Guard,29,20.4
Devin Carter,Sacramento Kings,4923720,Point Guard,23,13.8
Devin Vassell,San Antonio Spurs,27000000,Shooting Guard,25,13
Dillon Brooks,Phoenix Suns,22124110,Small Forward,30,14.1
Dillon Jones,New York Knicks,2753280,Small Forward,24,10.3
Domantas Sabonis,Sacramento Kings,43636000,Center,29,19.2
Dominick Barlow,Philadelphia 76ers,3415000,Power Forward,22,13.2
Donovan Clingan,Portland Trail Blazers,7178400,Center,21,20.9
Donovan Mitchell,Cleveland Cavaliers,46394100,Shooting Guard,29,22.9
Donte DiVincenzo,Minnesota Timberwolves,11990000,Shooting Guard,29,12.5
Dorian Finney-Smith,Houston Rockets,12700000,Power Forward,32,5.8
Doug McDermott,Sacramento Kings,2296274,Small Forward,34,8.6
Drake Powell,Brooklyn Nets,3372240,Shooting Guard,20,7.3
Draymond Green,Golden State Warriors,25892857,Power Forward,35,10.4
Drew Eubanks,Sacramento Kings,2296274,Center,28,13.6
Drew Timme,Los Angeles Lakers,1955377,Power Forward,25,12.6
Dru Smith,Miami Heat,2378870,Shooting Guard,28,14.5
Duncan Robinson,Detroit Pistons,16834692,Shooting Guard,31,12.4
Duop Reath,Portland Trail Blazers,2221677,Center,29,10.6
Dwight Powell,Dallas Mavericks,4000000,Center,34,12.6
Dylan Cardwell,Sacramento Kings,871000,Center,24,15.8
Dylan Harper,San Antonio Spurs,12370320,Shooting Guard,19,16.2
Dyson Daniels,Atlanta Hawks,7707709,Shooting Guard,22,15.5
Egor Demin,Brooklyn Nets,6889200,Point Guard,19,11.3
Eric Gordon,Philadelphia 76ers,3468960,Shooting Guard,37,14.4
Evan Mobley,Cleveland Cavaliers,46394100,Power Forward,24,20
Franz Wagner,Orlando Magic,38661750,Small Forward,24,19.2
Fred VanVleet,Houston Rockets,25000000,Point Guard,31,
Gabe Vincent,Atlanta Hawks,11500000,Point Guard,29,6.5
Garrett Temple,Toronto Raptors,2296274,Shooting Guard,39,5.7
Gary Harris,Milwaukee Bucks,3634153,Shooting Guard,31,8
Gary Payton II,Golden State Warriors,2296274,Shooting Guard,33,18.3
Gary Trent Jr.,Milwaukee Bucks,3697105,Shooting Guard,27,8
Georges Niang,Memphis Grizzlies,8200000,Power Forward,32,
GG Jackson,Memphis Grizzlies,2221677,Power Forward,21,15.6
Giannis Antetokounmpo,Milwaukee Bucks,54126450,Power Forward,31,32.6
Goga Bitadze,Orlando Magic,8333333,Center,26,20.1
Gradey Dick,Toronto Raptors,4990560,Shooting Guard,22,10.7
Grant Williams,Charlotte Hornets,13645500,Power Forward,27,12.9
Grayson Allen,Phoenix Suns,16875000,Shooting Guard,30,16.1
Guerschon Yabusele,Chicago Bulls,5500000,Center,30,11.1
Gui Santos,Golden State Warriors,2221677,Power Forward,23,14.2
Harrison Barnes,San Antonio Spurs,19000000,Power Forward,33,11.8
Haywood Highsmith,Phoenix Suns,827984,Small Forward,29,17.6
Herbert Jones,New Orleans Pelicans,13937574,Small Forward,27,9.1
Hugo Gonzalez,Boston Celtics,2783880,Small Forward,19,10.2
Hunter Tyson,Denver Nuggets,2221677,Power Forward,25,6.4
Immanuel Quickley,Toronto Raptors,32500000,Point Guard,26,16.6
Isaac Jones,Detroit Pistons,1955377,Power Forward,25,6.4
Isaac Okoro,Chicago Bulls,11000000,Shooting Guard,25,9.8
Isaiah Collier,Utah Jazz,2638200,Point Guard,21,14.8
Isaiah Hartenstein,Oklahoma City Thunder,28500000,Center,27,19.8
Isaiah Jackson,LA Clippers,7000000,Center,24,17.3
Isaiah Joe,Oklahoma City Thunder,12362338,Shooting Guard,26,15.5
Isaiah Stewart,Detroit Pistons,15000000,Center,24,15.2
Ivica Zubac,Indiana Pacers,18102000,Center,28,18.6
Ja Morant,Memphis Grizzlies,39446090,Point Guard,26,16.6
Ja'Kobe Walter,Toronto Raptors,3638160,Shooting Guard,21,11.8
Jabari Smith Jr.,Houston Rockets,12350392,Power Forward,22,13.5
Jabari Walker,Philadelphia 76ers,724598,Power Forward,23,12.5
Jaden Hardy,Washington Wizards,6000000,Shooting Guard,23,10.9
Jaden Ivey,Chicago Bulls,10107163,Shooting Guard,23,13
Jaden McDaniels,Minnesota Timberwolves,24858622,Power Forward,25,14
Jaden Springer,New Orleans Pelicans,2349578,Shooting Guard,23,
Jae'Sean Tate,Houston Rockets,2296274,Small Forward,30,10.7
Jaime Jaquez Jr.,Miami Heat,3861600,Small Forward,24,15.7
Jake LaRavia,Los Angeles Lakers,6000000,Power Forward,24,11.9
Jakob Poeltl,Toronto Raptors,19500000,Center,30,18.1
Jalen Brunson,New York Knicks,34944001,Point Guard,29,20.1
Jalen Duren,Detroit Pistons,6483144,Center,22,26.1
Jalen Green,Phoenix Suns,33548499,Shooting Guard,23,14.8
Jalen Johnson,Atlanta Hawks,30000000,Small Forward,24,20.4
Jalen Pickett,Denver Nuggets,2221677,Shooting Guard,26,10.3
Jalen Smith,Chicago Bulls,9000000,Center,25,16.6
Jalen Suggs,Orlando Magic,35000000,Point Guard,24,15.6
Jalen Williams,Oklahoma City Thunder,6580997,Shooting Guard,24,19
Jalen Wilson,Brooklyn Nets,2221677,Power Forward,25,8.7
Jamal Murray,Denver Nuggets,46394100,Point Guard,28,21.8
Jamal Shead,Toronto Raptors,1955377,Point Guard,23,10.5
Jamaree Bouyea,Phoenix Suns,574210,Point Guard,26,13.5
James Harden,Cleveland Cavaliers,39446090,Point Guard,36,20.7
James Wiseman,Indiana Pacers,2667947,Center,24,4.1
Jamir Watkins,Washington Wizards,1131970,Shooting Guard,24,11.8
Jamison Battle,Toronto Raptors,1955377,Small Forward,24,10.6
Jarace Walker,Indiana Pacers,6665520,Power Forward,22,11.5
Jared Butler,Phoenix Suns,2349578,Point Guard,25,
Jared McCain,Oklahoma City Thunder,4221360,Shooting Guard,21,11.6
Jaren Jackson Jr.,Utah Jazz,35000000,Center,26,15.7
Jarred Vanderbilt,Los Angeles Lakers,11571429,Power Forward,26,11.2
Jarrett Allen,Cleveland Cavaliers,20000000,Center,27,22.1
Jase Richardson,Orlando Magic,2983320,Shooting Guard,20,11.5
Javonte Green,Detroit Pistons,2296274,Shooting Guard,32,14.1
Jaxson Hayes,Los Angeles Lakers,3449324,Center,25,18.3
Jay Huff,Indiana Pacers,2349578,Center,27,15.2
Jaylen Brown,Boston Celtics,53142264,Small Forward,29,22
Jaylen Clark,Minnesota Timberwolves,2191897,Shooting Guard,24,10.3
Jaylen Wells,Memphis Grizzlies,1955377,Shooting Guard,22,11.5
Jaylin Williams,Oklahoma City Thunder,8450794,Power Forward,23,13.8
Jaylon Tyson,Cleveland Cavaliers,3492480,Shooting Guard,23,14.8
Jayson Tatum,Boston Celtics,54126450,Power Forward,27,20.3
JD Davison,Houston Rockets,2270735,Point Guard,23,11.4
Jeff Green,Houston Rockets,2296274,Power Forward,39,8.5
Jerami Grant,Portland Trail Blazers,32000000,Power Forward,31,15.4
Jeremiah Fears,New Orleans Pelicans,7520040,Point Guard,19,13.8
Jeremy Sochan,New York Knicks,778622,Power Forward,22,12.2
Jericho Sims,Milwaukee Bucks,2461463,Center,27,12.9
Jett Howard,Orlando Magic,5529720,Small Forward,22,11.2
Jevon Carter,Orlando Magic,871000,Point Guard,30,10.7
Jimmy Butler III,Golden State Warriors,54126450,Small Forward,36,23.5
Joan Beringer,Minnesota Timberwolves,4201080,Power Forward,19,21.3
Jock Landale,Atlanta Hawks,2296274,Center,30,16.6
Joe Ingles,Minnesota Timberwolves,2296274,Small Forward,38,13
Joel Embiid,Philadelphia 76ers,55224526,Center,31,24.7
John Collins,LA Clippers,26580000,Power Forward,28,16.3
John Konchar,Utah Jazz,6165000,Shooting Guard,29,13.6
Johni Broome,Philadelphia 76ers,1272870,Center,23,0.4
Johnny Furphy,Indiana Pacers,1955377,Shooting Guard,21,9.2
Jonas Valanciunas,Denver Nuggets,10395000,Center,33,22
Jonathan Isaac,Orlando Magic,15000000,Power Forward,28,11.5
Jonathan Kuminga,Atlanta Hawks,22500000,Power Forward,23,14.2
Jonathan Mogbo,Toronto Raptors,1955377,Power Forward,24,12.8
Jordan Clarkson,New York Knicks,2296274,Shooting Guard,33,11.6
Jordan Goodwin,Phoenix Suns,2349578,Point Guard,27,14.7
Jordan Hawkins,New Orleans Pelicans,4741320,Shooting Guard,23,7.6
Jordan McLaughlin,San Antonio Spurs,2296274,Point Guard,29,12
Jordan Miller,LA Clippers,712637,Small Forward,26,15.9
Jordan Poole,New Orleans Pelicans,31848215,Point Guard,26,11.5
Jordan Walsh,Boston Celtics,2221677,Power Forward,21,13.1
Jose Alvarado,New York Knicks,4500000,Point Guard,27,12.1
Josh Giddey,Chicago Bulls,25000000,Point Guard,23,18
Josh Green,Charlotte Hornets,13666667,Shooting Guard,25,9.7
Josh Hart,New York Knicks,19472240,Small Forward,30,15.7
Josh Minott,Brooklyn Nets,2378870,Power Forward,23,16
Josh Okogie,Houston Rockets,7750000,Shooting Guard,27,9.9
Jrue Holiday,Portland Trail Blazers,32400000,Point Guard,35,16.4
Julian Champagnie,San Antonio Spurs,3000000,Small Forward,24,13.1
Julian Phillips,Minnesota Timberwolves,2221677,Small Forward,22,9.3
Julian Strawther,Denver Nuggets,2674200,Shooting Guard,23,12.5
Julius Randle,Minnesota Timberwolves,30864198,Power Forward,31,18.4
Justin Champagnie,Washington Wizards,2349578,Small Forward,24,17.3
Justin Edwards,Philadelphia 76ers,2048494,Small Forward,22,12.1
Jusuf Nurkic,Utah Jazz,19375000,Center,31,16.4
Kam Jones,Indiana Pacers,1272870,Shooting Guard,23,8.2
Karl-Anthony Towns,New York Knicks,54126450,Center,30,22
Karlo Matkovic,New Orleans Pelicans,1955377,Power Forward,24,16.5
Kasparas Jakucionis,Miami Heat,3658800,Point Guard,19,11.9
Kawhi Leonard,LA Clippers,50000000,Small Forward,34,27.9
Keaton Wallace,Atlanta Hawks,2296274,Point Guard,26,10.4
Keegan Murray,Sacramento Kings,11144093,Power Forward,25,11.7
Kel'el Ware,Miami Heat,4443360,Center,21,20
Keldon Johnson,San Antonio Spurs,17500000,Small Forward,26,17.3
Kelly Olynyk,San Antonio Spurs,13445122,Center,34,13.5
Kelly Oubre Jr.,Philadelphia 76ers,8382150,Small Forward,30,13
Kenrich Williams,Oklahoma City Thunder,7163000,Power Forward,31,14.2
Kentavious Caldwell-Pope,Memphis Grizzlies,21621500,Shooting Guard,32,11
Keon Ellis,Cleveland Cavaliers,2301587,Shooting Guard,26,10.8
Keon Johnson,Brooklyn Nets,2349578,Shooting Guard,23,
Keshad Johnson,Miami Heat,1955377,Small Forward,24,15.2
Kevin Durant,Houston Rockets,54708609,Small Forward,37,21.1
Kevin Huerter,Detroit Pistons,17991071,Small Forward,27,13.2
Kevin Love,Utah Jazz,4150000,Power Forward,37,14.7
Kevin Porter Jr.,Milwaukee Bucks,5134000,Point Guard,25,18.7
Kevon Looney,New Orleans Pelicans,8000000,Center,29,13.6
Keyonte George,Utah Jazz,4278960,Point Guard,22,18.5
Khaman Maluach,Phoenix Suns,6016080,Center,19,14
Khris Middleton,Dallas Mavericks,33926296,Small Forward,34,10.9
KJ Martin,Utah Jazz,8025000,Small Forward,25,
Klay Thompson,Dallas Mavericks,16666667,Small Forward,35,11.4
Kobe Brown,Indiana Pacers,2654880,Power Forward,26,12
Kobe Bufkin,Los Angeles Lakers,831410,Shooting Guard,22,6.2
Kon Knueppel,Charlotte Hornets,10015680,Small Forward,20,17.1
Kris Dunn,LA Clippers,5426000,Point Guard,31,11.3
Kris Murray,Portland Trail Blazers,3132000,Small Forward,25,9.6
Kristaps Porzingis,Golden State Warriors,30731707,Center,30,19.6
Kyle Anderson,Minnesota Timberwolves,567470,Small Forward,32,13.7
Kyle Filipowski,Utah Jazz,3000000,Center,22,16
Kyle Kuzma,Milwaukee Bucks,21810605,Power Forward,30,14.1
Kyle Lowry,Philadelphia 76ers,2296274,Point Guard,39,1.4
Kyrie Irving,Dallas Mavericks,36566002,Shooting Guard,33,
Kyshawn George,Washington Wizards,2966760,Small Forward,22,13.8
LaMelo Ball,Charlotte Hornets,37958760,Point Guard,24,19.7
Landry Shamet,New York Knicks,2296274,Shooting Guard,28,11.2
Larry Nance Jr.,Cleveland Cavaliers,2296274,Power Forward,33,9.5
Lauri Markkanen,Utah Jazz,46394100,Power Forward,28,21.1
LeBron James,Los Angeles Lakers,52627153,Small Forward,41,20.8
Leonard Miller,Chicago Bulls,2221677,Small Forward,22,15.9
Liam McNeeley,Charlotte Hornets,2763960,Small Forward,20,10.6
Lindy Waters III,San Antonio Spurs,2296274,Shooting Guard,28,7.5
Lonzo Ball,Cleveland Cavaliers,10000000,Point Guard,28,9.5
Luguentz Dort,Oklahoma City Thunder,18222222,Small Forward,26,8.3
Luka Doncic,Los Angeles Lakers,54126450,Point Guard,26,27.9
Luka Garza,Boston Celtics,2461463,Center,27,19.9
Luke Kennard,Los Angeles Lakers,11000000,Shooting Guard,29,13.5
Luke Kornet,San Antonio Spurs,11000000,Center,30,17.9
Malaki Branham,Washington Wizards,4962033,Shooting Guard,22,14
Malik Monk,Sacramento Kings,18797618,Shooting Guard,27,14.2
Marcus Sasser,Detroit Pistons,2886720,Point Guard,25,11.2
Marcus Smart,Los Angeles Lakers,5134000,Shooting Guard,31,9.9
Mark Williams,Phoenix Suns,6276531,Center,24,21.8
Marvin Bagley III,Dallas Mavericks,2296274,Power Forward,26,20.2
Mason Plumlee,San Antonio Spurs,593864,Center,35,13
Matas Buzelis,Chicago Bulls,5455560,Power Forward,21,14.8
Matisse Thybulle,Portland Trail Blazers,11550000,Shooting Guard,28,14.5
Max Christie,Dallas Mavericks,7714286,Shooting Guard,22,11
Max Strus,Cleveland Cavaliers,15936452,Small Forward,29,12.8
Maxi Kleber,Los Angeles Lakers,11000000,Power Forward,34,8.1
Maxime Raynaud,Sacramento Kings,1272870,Center,22,16
Maxwell Lewis,Brooklyn Nets,2271677,Small Forward,23,
Micah Peavy,New Orleans Pelicans,1272970,Shooting Guard,24,8.3
Micah Potter,Indiana Pacers,1527805,Center,27,17
Michael Porter Jr.,Brooklyn Nets,38333050,Small Forward,27,19.9
Mikal Bridges,New York Knicks,24900000,Small Forward,29,15.3
Mike Conley,Minnesota Timberwolves,725834,Point Guard,38,9.4
Miles Bridges,Charlotte Hornets,25000000,Power Forward,27,16
Miles McBride,New York Knicks,4333333,Shooting Guard,25,13.1
Mitchell Robinson,New York Knicks,12954546,Center,27,21.1
Mohamed Diawara,New York Knicks,1272870,Small Forward,20,10.3
Moritz Wagner,Orlando Magic,5000000,Center,28,15.3
Moses Moody,Golden State Warriors,11574074,Shooting Guard,23,13.5
Mouhamed Gueye,Atlanta Hawks,2221677,Power Forward,23,12
Moussa Diabate,Charlotte Hornets,2270735,Center,24,17.2
Myles Turner,Milwaukee Bucks,25318251,Center,29,14.2
Myron Gardner,Miami Heat,395029,Small Forward,24,15.2
N'Faly Dante,Atlanta Hawks,2048494,Center,24,12.4
Nae'Qwan Tomlin,Cleveland Cavaliers,718150,Power Forward,25,12.9
Naji Marshall,Dallas Mavericks,9000000,Small Forward,28,15.4
Naz Reid,Minnesota Timberwolves,21551724,Center,26,15.4
Neemias Queta,Boston Celtics,2349578,Center,26,20.3
Nic Claxton,Brooklyn Nets,25352272,Center,26,17.6
Nick Richards,Chicago Bulls,5000000,Center,28,11.9
Nickeil Alexander-Walker,Atlanta Hawks,15161800,Shooting Guard,27,16.5
Nicolas Batum,LA Clippers,5601600,Power Forward,37,8.4
Nigel Hayes-Davis,Phoenix Suns,2296274,Small Forward,31,4.2
Nikola Durisic,Atlanta Hawks,1272870,Small Forward,21,
Nikola Jokic,Denver Nuggets,55224526,Center,30,32.3
Nikola Jovic,Miami Heat,4445417,Power Forward,22,9.5
Nikola Topic,Oklahoma City Thunder,5182920,Point Guard,20,8.1
Nikola Vucevic,Boston Celtics,21481481,Center,35,17.7
Nique Clifford,Sacramento Kings,3108120,Shooting Guard,23,9
Noa Essengue,Chicago Bulls,5429520,Power Forward,19,-11.9
Noah Clowney,Brooklyn Nets,3398640,Power Forward,21,11.2
Noah Penda,Orlando Magic,1272870,Small Forward,21,11.3
Nolan Traore,Brooklyn Nets,3811560,Point Guard,19,7.9
Norman Powell,Miami Heat,20482758,Shooting Guard,32,17.5
Obi Toppin,Indiana Pacers,14000000,Power Forward,27,19.7
Ochai Agbaji,Brooklyn Nets,6383525,Shooting Guard,25,8.9
OG Anunoby,New York Knicks,39568966,Power Forward,28,15.8
Olivier-Maxence Prosper,Memphis Grizzlies,527879,Power Forward,23,16.9
Onyeka Okongwu,Atlanta Hawks,15000000,Center,25,15.9
Oso Ighodaro,Phoenix Suns,1955377,Power Forward,23,13.8
Ousmane Dieng,Milwaukee Bucks,6670882,Center,22,10.2
P.J. Washington,Dallas Mavericks,14152174,Power Forward,27,13.1
Pacome Dadiet,New York Knicks,2847600,Shooting Guard,20,9.6
Paolo Banchero,Orlando Magic,15334769,Power Forward,23,17.6
Pascal Siakam,Indiana Pacers,45550512,Power Forward,31,18.6
Pat Connaughton,Charlotte Hornets,1315814,Shooting Guard,33,12.9
Pat Spencer,Golden State Warriors,857804,Point Guard,29,12.1
Patrick Williams,Chicago Bulls,18000000,Power Forward,24,8.2
Paul George,Philadelphia 76ers,51666090,Power Forward,35,16.7
Paul Reed,Detroit Pistons,5335894,Center,26,24.2
Payton Pritchard,Boston Celtics,7232143,Point Guard,28,17.1
Pelle Larsson,Miami Heat,1955377,Shooting Guard,24,13.1
Peyton Watson,Denver Nuggets,4356476,Small Forward,23,14.3
Precious Achiuwa,Sacramento Kings,2111516,Center,26,16.2
Quentin Grimes,Philadelphia 76ers,8741209,Shooting Guard,25,12.9
Quenton Jackson,Indiana Pacers,601553,Point Guard,27,14.4
Quinten Post,Golden State Warriors,1935377,Power Forward,25,13
Rasheer Fleming,Phoenix Suns,1272870,Power Forward,21,10.2
Reed Sheppard,Houston Rockets,10603560,Shooting Guard,21,15.7
Richaun Holmes,Washington Wizards,13280737,Center,32,
Ricky Council IV,Philadelphia 76ers,2221677,Shooting Guard,24,
RJ Barrett,Toronto Raptors,27705357,Small Forward,25,17
Rob Dillingham,Chicago Bulls,6576120,Point Guard,21,7.7
Robert Williams III,Portland Trail Blazers,13285713,Center,28,22.1
Ronald Holland II,Detroit Pistons,8657280,Small Forward,20,11.7
Royce O'Neale,Phoenix Suns,10125000,Small Forward,32,11.6
Rudy Gobert,Minnesota Timberwolves,35000000,Center,33,17.5
Rui Hachimura,Los Angeles Lakers,18259259,Power Forward,27,11.6
Russell Westbrook,Sacramento Kings,2296274,Small Forward,37,15.1
Ryan Dunn,Phoenix Suns,2657760,Small Forward,23,11.7
Ryan Kalkbrenner,Charlotte Hornets,2296274,Center,24,17.9
Ryan Nembhard,Dallas Mavericks,321875,Point Guard,22,10.9
Ryan Rollins,Milwaukee Bucks,4000000,Point Guard,23,16.2
Saddiq Bey,New Orleans Pelicans,6118644,Small Forward,26,17.1
Sam Hauser,Boston Celtics,10044643,Power Forward,28,11.9
Sam Merrill,Cleveland Cavaliers,8482143,Shooting Guard,29,13.6
Sandro Mamukelashvili,Toronto Raptors,2461463,Center,26,18.1
Santi Aldama,Memphis Grizzlies,18485916,Power Forward,25,16.3
Scoot Henderson,Portland Trail Blazers,10748040,Point Guard,21,12.9
Scottie Barnes,Toronto Raptors,38661750,Power Forward,24,19.2
Scotty Pippen Jr.,Memphis Grizzlies,2270735,Point Guard,25,14.7
Seth Curry,Golden State Warriors,1755198,Shooting Guard,35,16
Shaedon Sharpe,Portland Trail Blazers,8399983,Shooting Guard,22,15.3
Shai Gilgeous-Alexander,Oklahoma City Thunder,38333050,Point Guard,27,30.8
Shake Milton,Los Angeles Lakers,3000000,Shooting Guard,29,
Sidy Cissoko,Portland Trail Blazers,688243,Small Forward,21,7.1
Simone Fontecchio,Miami Heat,8307692,Small Forward,30,13.8
Sion James,Charlotte Hornets,2296274,Shooting Guard,23,8.3
Spencer Dinwiddie,Charlotte Hornets,2296274,Point Guard,32,
Spencer Jones,Denver Nuggets,623967,Small Forward,24,9.3
Stephen Curry,Golden State Warriors,59606817,Point Guard,37,22.6
Stephon Castle,San Antonio Spurs,9560520,Point Guard,21,17.4
Steven Adams,Houston Rockets,14130434,Center,32,15.8
Svi Mykhailiuk,Utah Jazz,3675000,Small Forward,28,11.4
T.J. McConnell,Indiana Pacers,10200000,Point Guard,33,20.5
Taj Gibson,Memphis Grizzlies,960753,Center,40,13.6
Tari Eason,Houston Rockets,5675766,Power Forward,24,12.9
Taurean Prince,Milwaukee Bucks,3303774,Small Forward,31,10.5
Taylor Hendricks,Memphis Grizzlies,6127080,Power Forward,22,12.2
Terance Mann,Brooklyn Nets,15500000,Shooting Guard,29,10.2
Terence Davis,Sacramento Kings,2546675,Shooting Guard,28,
Terrence Shannon Jr.,Minnesota Timberwolves,2674080,Shooting Guard,25,11.1
Terry Rozier,Miami Heat,26643031,Point Guard,31,
Thanasis Antetokounmpo,Milwaukee Bucks,2296274,Small Forward,33,14
Thomas Bryant,Cleveland Cavaliers,2296274,Center,28,17.2
Thomas Sorber,Oklahoma City Thunder,4655040,Center,20,
Tidjane Salaun,Charlotte Hornets,7863240,Power Forward,20,12.9
Tim Hardaway Jr.,Denver Nuggets,2296274,Shooting Guard,33,13.5
Tobias Harris,Detroit Pistons,26634146,Power Forward,33,15
Toumani Camara,Portland Trail Blazers,2221677,Power Forward,25,11.3
Trae Young,Washington Wizards,46394100,Point Guard,27,21.1
Trayce Jackson-Davis,Toronto Raptors,2221677,Center,25,16.6
Tre Johnson,Washington Wizards,8237640,Shooting Guard,19,10.6
Tre Jones,Chicago Bulls,8000000,Point Guard,26,18.7
Tre Mann,Charlotte Hornets,8000000,Point Guard,24,8.3
Trendon Watford,Philadelphia 76ers,2461463,Power Forward,25,13.1
Trey Murphy III,New Orleans Pelicans,25000000,Small Forward,25,18.3
Tristan da Silva,Orlando Magic,3809520,Small Forward,24,12
Tristan Vukcevic,Washington Wizards,2857143,Center,22,17.8
Ty Jerome,Memphis Grizzlies,8781000,Shooting Guard,28,25.6
Tyler Herro,Miami Heat,31000000,Shooting Guard,26,17.1
Tyler Kolek,New York Knicks,2191897,Point Guard,24,12.5
Tyler Smith,Dallas Mavericks,1955377,Power Forward,21,9.6
Tyrese Haliburton,Indiana Pacers,45550512,Point Guard,25,
Tyrese Maxey,Philadelphia 76ers,37958760,Point Guard,25,21.9
Tyrese Proctor,Cleveland Cavaliers,1272870,Point Guard,21,12.2
Tyus Jones,Denver Nuggets,514682,Point Guard,29,8.3
Victor Wembanyama,San Antonio Spurs,13376880,Center,22,29.9
Vince Williams Jr.,Utah Jazz,2301587,Shooting Guard,25,10.7
Vit Krejci,Portland Trail Blazers,2349578,Point Guard,25,11.1
VJ Edgecombe,Philadelphia 76ers,11108880,Shooting Guard,20,14
Walker Kessler,Utah Jazz,4878938,Center,24,20.6
Walter Clayton Jr.,Memphis Grizzlies,3991320,Point Guard,22,10.3
Wendell Carter Jr.,Orlando Magic,10850000,Center,26,14.1
Will Richard,Golden State Warriors,1272870,Shooting Guard,23,11
Will Riley,Washington Wizards,3512520,Small Forward,19,12.1
Xavier Tillman,Charlotte Hornets,2546675,Center,27,11
Yang Hansen,Portland Trail Blazers,4422360,Center,20,3.7
Yanic Konan Niederhauser,LA Clippers,2743800,Center,22,16.4
Yves Missi,New Orleans Pelicans,3353040,Center,21,15
Zaccharie Risacher,Atlanta Hawks,13197720,Small Forward,20,11.8
Zach Collins,Chicago Bulls,18080496,Center,28,17.9
Zach Edey,Memphis Grizzlies,6045000,Center,23,20.7
Zach LaVine,Sacramento Kings,47499660,Shooting Guard,30,14.7
Zeke Nnaji,Denver Nuggets,8177778,Power Forward,25,10.3
Ziaire Williams,Brooklyn Nets,6250000,Small Forward,24,12.4
Zion Williamson,New Orleans Pelicans,39446090,Power Forward,25,22.6